"ID","Description","GeneRatio","BgRatio","RichFactor","FoldEnrichment","zScore","pvalue","p.adjust","qvalue","geneID","Count"
"GO:0072593","reactive oxygen species metabolic process","26/801","256/25730",0.1015625,3.26242587390762,6.52110288211658,1.41007880717117e-07,0.000409991457906841,0.000339216092105699,"Tgfb1/Fancc/Ogt/Met/Clec7a/Bcr/Sh3pxd2a/Eif5a/Acox1/Atp7a/Sesn2/Cd36/Prex1/Hdac4/mt-Nd2/Mapk14/Pink1/Alox12/Alox5/Pon3/Gbf1/Hdac6/Slc5a3/Foxo1/Ahr/Fam210b",26
"GO:0030100","regulation of endocytosis","32/801","365/25730",0.0876712328767123,2.81620577018453,6.26425362172535,1.66798803054044e-07,0.000409991457906841,0.000339216092105699,"Tgfb1/Ptprj/Stap1/Mctp1/Ahi1/Clec7a/Trf/Bcr/Itsn1/Synj1/Hip1r/Ankrd13a/Prkcg/Rapgef1/Tamalin/Hip1/Arrb1/Cfp/Abca2/Cd36/Tnk2/Ankrd13d/Snx9/Akap5/Nedd4l/Sirpb1b/Camk1d/Unc119/Bmp2k/Plscr1/Ppp3r1/Prkaca",32
"GO:1902882","regulation of response to oxidative stress","10/801","42/25730",0.238095238095238,7.64817787289697,7.72925102425497,4.82145748889112e-07,0.000790076167179625,0.000653688131125449,"Trpm2/Met/Mctp1/Selenon/Sesn2/Cd36/Pink1/Alox5/Sesn3/Hdac6",10
"GO:0045444","fat cell differentiation","25/801","287/25730",0.0871080139372822,2.79811385593792,5.49097238746321,4.12474797489891e-06,0.00506931526115076,0.00419421741447615,"Nr4a3/Tgfb1/Crebl2/Klf5/Bcl2l13/Tbl1x/Fosl2/Ptgs2/Zfp516/Ppard/Lrg1/Xbp1/Asxl1/Bbs2/Sort1/Aldh6a1/Bmal1/Mapk14/Alox5/Per2/Bbs9/Hdac6/Itga6/Nr4a2/Foxo1",25
"GO:0009261","ribonucleotide catabolic process","18/801","171/25730",0.105263157894737,3.3812996911755,5.60035380433079,7.002173704975e-06,0.0055544651528849,0.00459561760754299,"Pde7b/Pde4b/Ogt/Bcl2l13/Adpgk/Nudt4/Prkag2/Prxl2c/Prkag1/Hdac4/Pfkfb4/Galt/Pfkfb2/Khk/Entpd5/Xpo4/Prkaca/Nt5c2",18
"GO:1901136","carbohydrate derivative catabolic process","24/801","278/25730",0.0863309352517986,2.77315226470509,5.32822743618164,7.43893791281211e-06,0.0055544651528849,0.00459561760754299,"Tgfb1/Pde7b/Pde4b/Ogt/Bcl2l13/Cd44/Adpgk/Pglyrp4/Nudt4/Prkag2/Prxl2c/Galc/Prkag1/Hdac4/Pfkfb4/Galt/Pfkfb2/Khk/Gm2a/Gpd1l/Entpd5/Xpo4/Prkaca/Nt5c2",24
"GO:0006898","receptor-mediated endocytosis","25/801","298/25730",0.0838926174496644,2.69482777400732,5.27495464329784,7.97478265431715e-06,0.0055544651528849,0.00459561760754299,"Ahi1/Fnbp1l/Trf/Ache/Itsn1/Cd44/Synj1/Hip1r/Ankrd13a/Sorl1/Tamalin/Ramp1/Hip1/Arrb1/Abca2/Cd36/Tnk2/Ankrd13d/Snx9/Akap5/Nedd4l/Unc119/Bmp2k/Itga4/Ppp3r1",25
"GO:0044782","cilium organization","33/801","462/25730",0.0714285714285714,2.29445336186909,5.03265598060423,9.813341375679e-06,0.0055544651528849,0.00459561760754299,"Asap1/Cep83/Ccdc88c/Ahi1/Syne2/Fnbp1l/Ttll3/Bbs2/B9d2/Cfap43/Lima1/Tctn3/Cfap119/Iqcn/Rfx2/Dnmbp/Dnah17/Rsph1/Celsr3/Cc2d2b/Cep128/Ssx2ip/Septin9/Plk4/Sclt1/Atmin/Ablim1/Rab23/Catip/Bbs9/Hdac6/Cep19/Ift140",33
"GO:0030098","lymphocyte differentiation","34/801","486/25730",0.0699588477366255,2.24724238734504,4.97582609619816,1.11956992152908e-05,0.0055544651528849,0.00459561760754299,"Tgfb1/Zfp608/Cracr2a/Il23a/Satb1/Stat4/Icosl/Ptprj/Smarca2/Blm/St3gal1/Fosl2/Srf/Cd44/Xbp1/Top2b/Prr7/Men1/Il11ra1/Pglyrp4/Bcl2a1d/Sos2/Dll4/Zbtb1/Ctla2a/Il1b/Pbx1/Gpr65/Atp7a/Runx2/Prex1/Nfatc3/Bcl11a/Ahr",34
"GO:0048259","regulation of receptor-mediated endocytosis","16/801","144/25730",0.111111111111111,3.56914967401859,5.54172201999188,1.12987492939074e-05,0.0055544651528849,0.00459561760754299,"Ahi1/Trf/Synj1/Hip1r/Ankrd13a/Tamalin/Hip1/Arrb1/Abca2/Tnk2/Ankrd13d/Akap5/Nedd4l/Unc119/Bmp2k/Ppp3r1",16
"GO:0009154","purine ribonucleotide catabolic process","17/801","162/25730",0.104938271604938,3.37086358101755,5.42613977325687,1.30246573770337e-05,0.00582083778777252,0.00481600728276156,"Pde7b/Pde4b/Ogt/Bcl2l13/Adpgk/Nudt4/Prkag2/Prxl2c/Prkag1/Hdac4/Pfkfb4/Galt/Pfkfb2/Khk/Xpo4/Prkaca/Nt5c2",17
"GO:0016052","carbohydrate catabolic process","19/801","200/25730",0.095,3.05162297128589,5.22110498748529,1.72764518761012e-05,0.00689165551397549,0.00570197355702139,"Ogt/Bcl2l13/Gk/Gk5/Adpgk/Ppp1r3d/Pgm2/Prkag2/Prxl2c/Prkag1/Hdac4/Pfkfb4/Galt/Pfkfb2/Khk/Wipi1/Gm2a/Xpo4/Prkaca",19
"GO:0005996","monosaccharide metabolic process","25/801","314/25730",0.0796178343949045,2.55751170908975,4.97757515621441,1.94939661358183e-05,0.00689165551397549,0.00570197355702139,"Ogt/Dgat2/Bcl2l13/Adpgk/Selenon/Man2a2/Pgm2l1/Pgm2/Prkag2/Gpt2/Sesn2/Cd36/Prkag1/Pfkfb4/Galt/Atp1a3/Pfkfb2/Khk/Gpld1/Mapk14/Per2/Acadm/Man2b1/Foxo1/Prkaca",25
"GO:0030595","leukocyte chemotaxis","21/801","238/25730",0.0882352941176471,2.83432474113241,5.09610104027727,1.96263582578635e-05,0.00689165551397549,0.00570197355702139,"Trpm2/Vav3/Il23a/Pde4b/Cx3cr1/Ptprj/Stap1/Jaml/Trem1/Retnlg/Il1b/Wnk1/Il17ra/Slc12a2/Prex1/Camk1d/Mtus1/Alox5/Ccl22/Gbf1/Ppbp",21
"GO:0051056","regulation of small GTPase mediated signal transduction","22/801","258/25730",0.0852713178294574,2.73911486610729,5.03247794405777,2.13605745289811e-05,0.006923376111221,0.00572821834049033,"Pik3cg/Ralgps1/Rasip1/Ogt/Met/Bcr/Gpr4/Ralgapa1/Arap3/Akap13/Rapgef1/Git2/Dab2ip/Sos2/Cyth1/Wnk1/Arrb1/Psd/Abca1/Arhgap18/Ssx2ip/Gbf1",22
"GO:0007264","small GTPase-mediated signal transduction","32/801","461/25730",0.06941431670282,2.22975077248884,4.77582958725514,2.34822234292193e-05,0.006923376111221,0.00572821834049033,"Pik3cg/Vav3/Ccdc88c/Ralgps1/Rasip1/Ogt/Met/Bcr/Gpr4/Itsn1/Ralgapa1/Arap3/Akap13/Arhgap31/Rapgef1/Rhobtb2/Rapgef6/Git2/Tiam2/Dab2ip/Sos2/Cyth1/Arhgap15/Wnk1/Arrb1/Psd/Rasgrp2/Abca1/Arhgap18/Rhof/Ssx2ip/Gbf1",32
"GO:0071375","cellular response to peptide hormone stimulus","28/801","379/25730",0.0738786279683377,2.3731549283712,4.82743994863525,2.49604703123351e-05,0.006923376111221,0.00572821834049033,"Nr4a3/Tgfb1/Igf1r/Cpeb2/Klf5/Ogt/Ptprj/Nfkb1/Tbc1d4/Prkcb/Xbp1/Sorl1/Ptpre/Zfp106/Sos2/C1qtnf9/Il1b/Ace/Pde3b/Gpld1/Eif4ebp2/Pip4k2a/Sesn3/Scnn1a/Nr4a2/Foxo1/Prkaca/Nucks1",28
"GO:0030217","T cell differentiation","27/801","359/25730",0.0752089136490251,2.41588682670339,4.84264078649455,2.53822668143696e-05,0.006923376111221,0.00572821834049033,"Tgfb1/Zfp608/Cracr2a/Il23a/Satb1/Stat4/Icosl/Smarca2/Blm/Fosl2/Srf/Cd44/Xbp1/Prr7/Men1/Bcl2a1d/Sos2/Dll4/Zbtb1/Ctla2a/Il1b/Gpr65/Atp7a/Runx2/Prex1/Nfatc3/Bcl11a",27
"GO:0032868","response to insulin","25/801","320/25730",0.078125,2.50955836454432,4.87077253291311,2.67583698358826e-05,0.006923376111221,0.00572821834049033,"Igf1r/Cpeb2/Ogt/Ptprj/Ache/Tbc1d4/Prkcb/Xbp1/Sorl1/Ptpre/Zfp106/Sos2/Sort1/C1qtnf9/Il1b/Sesn2/Khk/Pde3b/Gpld1/Mapk14/Eif4ebp2/Pip4k2a/Sesn3/Foxo1/Nucks1",25
"GO:0060271","cilium assembly","30/801","424/25730",0.0707547169811321,2.27280757543636,4.73706354556695,2.93706609731563e-05,0.00721930846720183,0.00597306494738295,"Asap1/Cep83/Ahi1/Syne2/Fnbp1l/Ttll3/Bbs2/B9d2/Cfap43/Lima1/Tctn3/Cfap119/Iqcn/Rfx2/Dnmbp/Dnah17/Rsph1/Celsr3/Cc2d2b/Cep128/Ssx2ip/Septin9/Plk4/Sclt1/Atmin/Ablim1/Rab23/Bbs9/Cep19/Ift140",30
"GO:0034762","regulation of transmembrane transport","31/801","449/25730",0.0690423162583519,2.21780124510286,4.66635464902521,3.4706144437198e-05,0.00768475134708983,0.00635816007990132,"Nr4a3/Tgfb1/Pik3cg/Cracr2a/Crebl2/Pde4b/Met/Ahi1/Kcnj2/Prkcb/Fbxo11/Selenon/Il1b/Kcng3/Wnk1/Stim2/Atp7a/Stim1/Ace/Slc9a6/Akap5/Nedd4l/Mapk14/Per2/P2rx1/Gnb5/Scn1b/Tspan13/Ppp3r1/Cbarp/Ahr",31
"GO:0008286","insulin receptor signaling pathway","16/801","158/25730",0.10126582278481,3.25289590543466,5.09169761616012,3.60710976734212e-05,0.00768475134708983,0.00635816007990132,"Igf1r/Ogt/Ptprj/Prkcb/Sorl1/Ptpre/Zfp106/Sos2/Il1b/Pde3b/Gpld1/Eif4ebp2/Pip4k2a/Sesn3/Foxo1/Nucks1",16
"GO:0016051","carbohydrate biosynthetic process","20/801","230/25730",0.0869565217391304,2.79324757097107,4.89676612083866,3.78257814711963e-05,0.00768475134708983,0.00635816007990132,"Tgfb1/Ogt/Dgat2/Nfkb1/Ppp1r3d/Pgm2/Prkag2/Gpt2/Arrb1/Sesn2/Cd36/Prkag1/Pfkfb4/Pfkfb2/Chst11/Cd244a/Per2/Acadm/Foxo1/Prkaca",20
"GO:0006195","purine nucleotide catabolic process","17/801","176/25730",0.0965909090909091,3.1027267052548,5.01747251095734,3.82211606333301e-05,0.00768475134708983,0.00635816007990132,"Pde7b/Pde4b/Ogt/Bcl2l13/Adpgk/Nudt4/Prkag2/Prxl2c/Prkag1/Hdac4/Pfkfb4/Galt/Pfkfb2/Khk/Xpo4/Prkaca/Nt5c2",17
"GO:0007254","JNK cascade","18/801","194/25730",0.0927835051546392,2.98042395459284,4.96315551603314,3.90803058741346e-05,0.00768475134708983,0.00635816007990132,"Map3k5/Igf1r/Cracr2a/Ccdc88c/Nfkb1/Traf4/Zmynd11/Spag9/Lmnb1/Rapgef1/Men1/Dab2ip/Map4k2/Il1b/Card9/Map3k15/Map3k6/Stradb",18
"GO:0009166","nucleotide catabolic process","18/801","195/25730",0.0923076923076923,2.96513972918467,4.93762488494152,4.18281111229405e-05,0.00790873054924521,0.00654347454975879,"Pde7b/Pde4b/Ogt/Bcl2l13/Adpgk/Nudt4/Prkag2/Prxl2c/Prkag1/Hdac4/Pfkfb4/Galt/Pfkfb2/Khk/Entpd5/Xpo4/Prkaca/Nt5c2",18
"GO:0019318","hexose metabolic process","23/801","291/25730",0.0790378006872852,2.53887966502353,4.73234524121233,4.63575240867207e-05,0.00834017816954678,0.00690044290332936,"Ogt/Dgat2/Bcl2l13/Adpgk/Man2a2/Pgm2l1/Pgm2/Prkag2/Gpt2/Sesn2/Cd36/Prkag1/Pfkfb4/Galt/Pfkfb2/Khk/Gpld1/Mapk14/Per2/Acadm/Man2b1/Foxo1/Prkaca",23
"GO:0050900","leukocyte migration","29/801","414/25730",0.070048309178744,2.25011609883781,4.59651051331528,4.75030489721948e-05,0.00834017816954678,0.00690044290332936,"Tgfb1/Trpm2/Vav3/Il23a/Pde4b/Cx3cr1/Ptprj/Stap1/Bcr/Jaml/Itgal/Trem1/Nlrp12/Retnlg/Itga2b/Il1b/Wnk1/Il17ra/Slc12a2/Prex1/Sirpb1b/Camk1d/Mtus1/Alox5/Ccl22/Gbf1/Itga6/Itga4/Ppbp",29
"GO:0060326","cell chemotaxis","25/801","333/25730",0.0750750750750751,2.41158761758013,4.64744255205852,5.14803013782513e-05,0.00872679867501668,0.00722032248731627,"Trpm2/Vav3/Il23a/Pde4b/Cx3cr1/Ptprj/Met/Stap1/Jaml/Ccl6/Trem1/Retnlg/Il1b/Wnk1/Il17ra/Slc12a2/Prex1/Camk1d/Bin2/Mtus1/Alox5/Ccl22/Gbf1/Ppbp/Hgf",25
"GO:0034114","regulation of heterotypic cell-cell adhesion","6/801","23/25730",0.260869565217391,8.37974271291321,6.34679868113566,5.72821436236562e-05,0.00900308777393192,0.00744891678268018,"Myadm/Cd44/Il1b/Wnk1/Gcnt2/Mbp",6
"GO:0038066","p38MAPK cascade","10/801","70/25730",0.142857142857143,4.58890672373818,5.38962002317946,5.92542130277271e-05,0.00900308777393192,0.00744891678268018,"Map3k5/Met/Dab2ip/Il1b/Fbxo31/Map3k3/Mapk14/Map3k15/Map3k6/Hgf",10
"GO:1904062","regulation of monoatomic cation transmembrane transport","22/801","276/25730",0.0797101449275362,2.56047694005681,4.6720680431473,5.932734451267e-05,0.00900308777393192,0.00744891678268018,"Tgfb1/Pik3cg/Cracr2a/Pde4b/Kcnj2/Fbxo11/Selenon/Kcng3/Wnk1/Stim2/Atp7a/Stim1/Slc9a6/Akap5/Nedd4l/P2rx1/Gnb5/Scn1b/Tspan13/Ppp3r1/Cbarp/Ahr",22
"GO:0045787","positive regulation of cell cycle","26/801","357/25730",0.0728291316526611,2.33944264347437,4.56822622228656,6.09556306376702e-05,0.00900308777393192,0.00744891678268018,"Nr4a3/Tgfb1/Igf1r/Paf1/Met/Svil/Srpk2/Mta3/Rab11fip4/Lmnb1/Ccpg1/Kif23/Il1b/Pbx1/Wnk1/Tbx2/Smc4/Atrx/Atad5/Plk4/Ncapd3/Rad18/Tfdp1/Rad51c/Tgm1/Plscr1",26
"GO:0090068","positive regulation of cell cycle process","22/801","277/25730",0.0794223826714801,2.55123334099524,4.65289025349502,6.25983225166124e-05,0.00900308777393192,0.00744891678268018,"Tgfb1/Igf1r/Paf1/Met/Svil/Mta3/Rab11fip4/Lmnb1/Kif23/Il1b/Pbx1/Wnk1/Tbx2/Smc4/Atrx/Atad5/Plk4/Ncapd3/Rad18/Tfdp1/Rad51c/Plscr1",22
"GO:0016482","cytosolic transport","14/801","132/25730",0.106060606060606,3.40691559792683,4.9695846467852,6.59298535112997e-05,0.00900308777393192,0.00744891678268018,"Tbc1d10c/Rcsd1/Stx6/Dennd5a/Spag9/Sorl1/Sort1/Dop1a/Wipi1/Pip4k2a/Gbf1/Washc2/Arfip1/Prepl",14
"GO:0043255","regulation of carbohydrate biosynthetic process","14/801","132/25730",0.106060606060606,3.40691559792683,4.9695846467852,6.59298535112997e-05,0.00900308777393192,0.00744891678268018,"Tgfb1/Ogt/Dgat2/Nfkb1/Ppp1r3d/Prkag2/Arrb1/Sesn2/Cd36/Prkag1/Cd244a/Acadm/Foxo1/Prkaca",14
"GO:0009636","response to toxic substance","20/801","240/25730",0.0833333333333333,2.67686225551394,4.67835717134767,6.87595506016259e-05,0.00913572839885387,0.00755866012872497,"Rdh12/Fancc/Ptgs2/Aqp9/Prkcg/Atp7a/Alox5ap/Sesn2/Cd36/Scn2b/Pink1/Mbp/Pon3/Scn1b/Gucy2c/Ptgs1/Cyp2f2/Nr4a2/Oscp1/Ahr",20
"GO:0050773","regulation of dendrite development","15/801","150/25730",0.1,3.21223470661673,4.87081734228932,7.24008880302509e-05,0.00936638856728194,0.00774950225343185,"Met/Ache/Dgkg/Cux1/Dab2ip/Rtn4ip1/Fbxo31/Prex1/Clip1/Akap5/Nedd4l/Bcl11a/Camk1d/Dbn1/Hdac6",15
"GO:0008643","carbohydrate transport","15/801","154/25730",0.0974025974025974,3.1288000389124,4.74956899637082,9.76981452935791e-05,0.0118501300012405,0.00980448424581246,"Nr4a3/Crebl2/Met/Ahi1/Aqp9/Prkcb/Selenon/Slc2a3/Sort1/Il1b/Sesn2/Mfsd2b/Ace/Mapk14/Slc5a3",15
"GO:0009134","nucleoside diphosphate catabolic process","14/801","137/25730",0.102189781021898,3.28257561260104,4.80175658745438,9.88314341031044e-05,0.0118501300012405,0.00980448424581246,"Ogt/Bcl2l13/Adpgk/Prkag2/Prxl2c/Prkag1/Hdac4/Pfkfb4/Galt/Pfkfb2/Khk/Entpd5/Xpo4/Prkaca",14
"GO:0009191","ribonucleoside diphosphate catabolic process","14/801","137/25730",0.102189781021898,3.28257561260104,4.80175658745438,9.88314341031044e-05,0.0118501300012405,0.00980448424581246,"Ogt/Bcl2l13/Adpgk/Prkag2/Prxl2c/Prkag1/Hdac4/Pfkfb4/Galt/Pfkfb2/Khk/Entpd5/Xpo4/Prkaca",14
"GO:0022604","regulation of cell morphogenesis","22/801","287/25730",0.0766550522648084,2.46234019322537,4.46560688888621,0.000105304259041674,0.0123256127964016,0.0101978861387726,"Epb41l2/Met/Ache/Cux1/Spag9/Cd44/Arap3/Brwd1/Rhobtb2/Brwd3/Bcl9l/Arhgap15/Dnmbp/Epb41/Fbxo31/Akap5/Nedd4l/Arhgap18/Bcl11a/Ago4/Dbn1/Hdac6",22
"GO:0006935","chemotaxis","31/801","479/25730",0.0647181628392484,2.07889928820707,4.27252541768915,0.000114412361916858,0.0130802597949599,0.0108222611125273,"Tgfb1/Pik3cg/Trpm2/Vav3/Il23a/Pde4b/Cx3cr1/Ptprj/Met/Stap1/Jaml/Ccl6/Trem1/Retnlg/Il1b/Sema4b/Wnk1/Il17ra/Slc12a2/Sema6b/Prex1/Camk1d/Bin2/Mtus1/Alox5/Ccl22/Sema3c/Gbf1/Hdac6/Ppbp/Hgf",31
"GO:0042330","taxis","31/801","481/25730",0.0644490644490645,2.07025521632263,4.24730142125682,0.00012329299584242,0.0131971959390988,0.0109190109863984,"Tgfb1/Pik3cg/Trpm2/Vav3/Il23a/Pde4b/Cx3cr1/Ptprj/Met/Stap1/Jaml/Ccl6/Trem1/Retnlg/Il1b/Sema4b/Wnk1/Il17ra/Slc12a2/Sema6b/Prex1/Camk1d/Bin2/Mtus1/Alox5/Ccl22/Sema3c/Gbf1/Hdac6/Ppbp/Hgf",31
"GO:0006096","glycolytic process","13/801","123/25730",0.105691056910569,3.39504481187134,4.77267796306926,0.000123295420638102,0.0131971959390988,0.0109190109863984,"Ogt/Bcl2l13/Adpgk/Prkag2/Prxl2c/Prkag1/Hdac4/Pfkfb4/Galt/Pfkfb2/Khk/Xpo4/Prkaca",13
"GO:2001257","regulation of cation channel activity","7/801","37/25730",0.189189189189189,6.07720079630192,5.53978711484685,0.000125729908946469,0.0131971959390988,0.0109190109863984,"Cracr2a/Selenon/Stim2/Stim1/Gnb5/Scn1b/Cbarp",7
"GO:0032869","cellular response to insulin stimulus","20/801","251/25730",0.0796812749003984,2.55954956702528,4.45061611921244,0.000127082273565135,0.0131971959390988,0.0109190109863984,"Igf1r/Cpeb2/Ogt/Ptprj/Tbc1d4/Prkcb/Xbp1/Sorl1/Ptpre/Zfp106/Sos2/C1qtnf9/Il1b/Pde3b/Gpld1/Eif4ebp2/Pip4k2a/Sesn3/Foxo1/Nucks1",20
"GO:0034599","cellular response to oxidative stress","21/801","271/25730",0.0774907749077491,2.48918556601296,4.41761715479749,0.000128857893628304,0.0131971959390988,0.0109190109863984,"Map3k5/Fancc/Trpm2/Met/Xbp1/Top2b/Selenon/Pam/Slc25a24/Atp7a/Sesn2/Cd36/Fbxo31/Stk26/Bmal1/Pink1/Alox5/Hdac6/Nr4a2/Foxo1/Hgf",21
"GO:0050764","regulation of phagocytosis","13/801","124/25730",0.104838709677419,3.36766541822722,4.73735123999228,0.000133880477615913,0.0134317638359149,0.0111130862622533,"Tgfb1/Ptprj/Stap1/Clec7a/Bcr/Prkcg/Rapgef1/Cfp/Cd36/Sirpb1b/Camk1d/Plscr1/Prkaca",13
"GO:0072523","purine-containing compound catabolic process","17/801","196/25730",0.086734693877551,2.78612193941247,4.49940406596846,0.000145614346225762,0.0140960081134131,0.0116626644148491,"Pde7b/Pde4b/Ogt/Bcl2l13/Adpgk/Nudt4/Prkag2/Prxl2c/Prkag1/Hdac4/Pfkfb4/Galt/Pfkfb2/Khk/Xpo4/Prkaca/Nt5c2",17
"GO:0002263","cell activation involved in immune response","25/801","356/25730",0.0702247191011236,2.2557827995904,4.2768138142095,0.000148551911194539,0.0140960081134131,0.0116626644148491,"Rab44/Nr4a3/Tgfb1/Cracr2a/Il23a/Stat4/Icosl/Cx3cr1/Lcp1/St3gal1/Clec7a/Bcr/Supt6/Xbp1/Men1/Itgal/Pglyrp4/Gpr65/Atp7a/Gapt/Atad5/Cd244a/Kmt5c/Gbf1/Msh6",25
"GO:0043254","regulation of protein-containing complex assembly","30/801","464/25730",0.0646551724137931,2.07687588789875,4.19596329029721,0.00014910342186686,0.0140960081134131,0.0116626644148491,"Tgfb1/Asap1/Rasip1/Ogt/Lcp1/Met/Clec7a/Myadm/Svil/Hip1r/Sorl1/Dab2ip/Plekhg2/Ncam1/Ctnnbip1/Ssh2/Cdkn1b/Mpp7/Preb/Cd36/Prex1/Abca1/Clip1/Snx9/Arhgap18/Pink1/Dbn1/Vill/Hdac6/Ahr",30
"GO:0048872","homeostasis of number of cells","29/801","443/25730",0.0654627539503386,2.10281730229989,4.19693325704868,0.000154807466330412,0.0143591227260435,0.0118803584885941,"Tgfb1/Fancc/Pde4b/Stat4/Cx3cr1/Smarca2/Fosl2/Srf/Bcr/Ets1/Cd44/Tet2/Asxl1/Pacs1/Men1/Sos2/Sfxn1/Gapt/Card9/Slc25a38/Ldb1/Mapk14/Map7/Hdac6/Tgfbr3/Fance/Tex15/Ahr/Fam210b",29
"GO:0022409","positive regulation of cell-cell adhesion","24/801","338/25730",0.0710059171597633,2.28087671475744,4.2490565274907,0.000169405998668155,0.0153576498483857,0.0127065134285817,"Nr4a3/Tgfb1/H2-Ob/Il23a/Icosl/Cd6/Smarca2/Blm/Ets1/Cd44/Xbp1/Itgal/Zbtb1/Cd80/Il1b/Gpr65/Gcnt2/Mfsd2b/Sirpb1b/Cd244a/Alox5/Itga6/Itga4/H2-Eb1",24
"GO:2000377","regulation of reactive oxygen species metabolic process","15/801","162/25730",0.0925925925925926,2.97429139501549,4.51851432881453,0.000172188256974536,0.0153576498483857,0.0127065134285817,"Tgfb1/Ogt/Clec7a/Bcr/Eif5a/Cd36/Hdac4/Mapk14/Pink1/Alox12/Alox5/Pon3/Hdac6/Slc5a3/Foxo1",15
"GO:1901292","nucleoside phosphate catabolic process","18/801","218/25730",0.0825688073394495,2.6523038861973,4.39158406669766,0.000174944750103661,0.0153576498483857,0.0127065134285817,"Pde7b/Pde4b/Ogt/Bcl2l13/Adpgk/Nudt4/Prkag2/Prxl2c/Prkag1/Hdac4/Pfkfb4/Galt/Pfkfb2/Khk/Entpd5/Xpo4/Prkaca/Nt5c2",18
"GO:0006094","gluconeogenesis","12/801","111/25730",0.108108108108108,3.47268616931538,4.67977189568306,0.000179515112659606,0.0154823911199057,0.0128097210584805,"Ogt/Dgat2/Prkag2/Gpt2/Sesn2/Prkag1/Pfkfb4/Pfkfb2/Per2/Acadm/Foxo1/Prkaca",12
"GO:0046032","ADP catabolic process","13/801","128/25730",0.1015625,3.26242587390762,4.59957473551083,0.000184426349960008,0.0154889241358321,0.0128151263031252,"Ogt/Bcl2l13/Adpgk/Prkag2/Prxl2c/Prkag1/Hdac4/Pfkfb4/Galt/Pfkfb2/Khk/Xpo4/Prkaca",13
"GO:1902894","negative regulation of miRNA transcription","6/801","28/25730",0.214285714285714,6.88336008560728,5.58336819804693,0.00018719694426398,0.0154889241358321,0.0128151263031252,"Tgfb1/Srf/Ppard/Olr1/Hdac4/Nfatc3",6
"GO:0031589","cell-substrate adhesion","26/801","383/25730",0.0678851174934726,2.18062930475287,4.17277479147057,0.000189337308902859,0.0154889241358321,0.0128151263031252,"Ptprj/Itgax/Srf/Myadm/Bcr/Ppard/Men1/Itgal/Ankrd28/Trem1/Itga2b/Gcnt2/Cd36/Zyx/Prex1/Ccdc80/Itga8/Megf9/Ldb1/Peak1/Npnt/Cdk5/Dbn1/Plet1/Itga6/Itga4",26
"GO:0062197","cellular response to chemical stress","25/801","362/25730",0.069060773480663,2.21839413440382,4.18479562547814,0.000192193729106135,0.0154889241358321,0.0128151263031252,"Map3k5/Fancc/Trpm2/Rcsd1/Met/Ptgs2/Xbp1/Top2b/Selenon/Pam/Wnk1/Slc25a24/Atp7a/Sesn2/Cd36/Fbxo31/Nlk/Stk26/Bmal1/Pink1/Alox5/Hdac6/Nr4a2/Foxo1/Hgf",25
"GO:0008277","regulation of G protein-coupled receptor signaling pathway","15/801","164/25730",0.0914634146341463,2.93801954873481,4.46297000388195,0.000197133851893992,0.0154952767847118,0.0128203823168444,"Pde4b/Kctd12/Met/Inpp5a/Gpsm1/Acp3/Git2/Ramp1/Arrb1/Crtc3/Arrdc3/Grk6/Ric8a/Gpr27/Rgs18",15
"GO:0071621","granulocyte chemotaxis","13/801","129/25730",0.10077519379845,3.23713575085407,4.5659800671582,0.000199360200359217,0.0154952767847118,0.0128203823168444,"Vav3/Il23a/Pde4b/Ptprj/Jaml/Trem1/Il1b/Il17ra/Prex1/Camk1d/Ccl22/Gbf1/Ppbp",13
"GO:0031399","regulation of protein modification process","29/801","450/25730",0.0644444444444444,2.07010681093078,4.10506589671932,0.000201728583039373,0.0154952767847118,0.0128203823168444,"Crebl2/Ogt/Ptprj/Niban1/Traf4/Clec7a/Ubxn2a/Dcun1d3/Dnajb2/Prkcg/Xbp1/Ramp1/Wnk1/Arrb1/Dcun1d4/Abca2/Card10/Hdac4/Cd300ld3/Fry/Huwe1/Gtpbp4/Bmal1/Pink1/Dip2b/Per2/Hmg20a/Cdk5/Stradb",29
"GO:0030258","lipid modification","17/801","202/25730",0.0841584158415842,2.7033658422022,4.35662827626677,0.000209111865767067,0.0158152912632446,0.0130851538352056,"Dgat2/Dgkg/Mtmr6/Inpp5a/Ppard/Synj1/C1qtnf9/Dgat1/Acox1/Sesn2/Cd36/Acaa2/Mapk14/Alox12/Alox5/Acadm/Crot",17
"GO:0034440","lipid oxidation","13/801","130/25730",0.1,3.21223470661673,4.53271254283688,0.000215318918005552,0.015864981517741,0.0131262662379665,"Dgat2/Ppard/C1qtnf9/Dgat1/Acox1/Sesn2/Cd36/Acaa2/Mapk14/Alox12/Alox5/Acadm/Crot",13
"GO:0045807","positive regulation of endocytosis","17/801","203/25730",0.083743842364532,2.6900487690879,4.33333884083824,0.000221758432255732,0.015864981517741,0.0131262662379665,"Ptprj/Stap1/Ahi1/Clec7a/Trf/Bcr/Itsn1/Synj1/Hip1r/Rapgef1/Hip1/Arrb1/Cfp/Cd36/Nedd4l/Camk1d/Prkaca",17
"GO:1903039","positive regulation of leukocyte cell-cell adhesion","21/801","282/25730",0.074468085106383,2.39208967514012,4.21347305763459,0.000222995737859558,0.015864981517741,0.0131262662379665,"Nr4a3/Tgfb1/H2-Ob/Il23a/Icosl/Cd6/Smarca2/Blm/Ets1/Cd44/Xbp1/Itgal/Zbtb1/Cd80/Il1b/Gpr65/Sirpb1b/Cd244a/Alox5/Itga4/H2-Eb1",21
"GO:0034067","protein localization to Golgi apparatus","6/801","29/25730",0.206896551724138,6.64600284127599,5.45306109208729,0.000229856183096883,0.015864981517741,0.0131262662379665,"Atg9a/Vps13d/Pacs1/Sorl1/Gbf1/Arl5c",6
"GO:1900407","regulation of cellular response to oxidative stress","6/801","29/25730",0.206896551724138,6.64600284127599,5.45306109208729,0.000229856183096883,0.015864981517741,0.0131262662379665,"Trpm2/Met/Cd36/Pink1/Alox5/Hdac6",6
"GO:0009137","purine nucleoside diphosphate catabolic process","13/801","131/25730",0.099236641221374,3.1877138309937,4.49976613447031,0.000232359371293196,0.015864981517741,0.0131262662379665,"Ogt/Bcl2l13/Adpgk/Prkag2/Prxl2c/Prkag1/Hdac4/Pfkfb4/Galt/Pfkfb2/Khk/Xpo4/Prkaca",13
"GO:0009181","purine ribonucleoside diphosphate catabolic process","13/801","131/25730",0.099236641221374,3.1877138309937,4.49976613447031,0.000232359371293196,0.015864981517741,0.0131262662379665,"Ogt/Bcl2l13/Adpgk/Prkag2/Prxl2c/Prkag1/Hdac4/Pfkfb4/Galt/Pfkfb2/Khk/Xpo4/Prkaca",13
"GO:0007179","transforming growth factor beta receptor signaling pathway","18/801","224/25730",0.0803571428571429,2.58126003210273,4.26070443332642,0.000244732703274003,0.0159707630427503,0.0132137870748977,"Tgfb1/Lrrc32/Ldlrad4/Ogt/Lrg1/Xbp1/Men1/Bcl9l/Selenon/Gcnt2/Zyx/Itga8/Nlk/Chst11/Npnt/Tgfbr3/Hpgd/Rasl11b",18
"GO:0034765","regulation of monoatomic ion transmembrane transport","22/801","305/25730",0.0721311475409836,2.3170217555924,4.1475121852336,0.000250215505739023,0.0159707630427503,0.0132137870748977,"Tgfb1/Pik3cg/Cracr2a/Pde4b/Kcnj2/Fbxo11/Selenon/Kcng3/Wnk1/Stim2/Atp7a/Stim1/Slc9a6/Akap5/Nedd4l/P2rx1/Gnb5/Scn1b/Tspan13/Ppp3r1/Cbarp/Ahr",22
"GO:0019319","hexose biosynthetic process","12/801","115/25730",0.104347826086957,3.35189708516528,4.53101329672787,0.000250742370424993,0.0159707630427503,0.0132137870748977,"Ogt/Dgat2/Prkag2/Gpt2/Sesn2/Prkag1/Pfkfb4/Pfkfb2/Per2/Acadm/Foxo1/Prkaca",12
"GO:0034219","carbohydrate transmembrane transport","14/801","150/25730",0.0933333333333333,2.99808572617561,4.39931196148757,0.000258188692958513,0.0159707630427503,0.0132137870748977,"Nr4a3/Crebl2/Met/Ahi1/Aqp9/Prkcb/Selenon/Slc2a3/Sort1/Il1b/Sesn2/Ace/Mapk14/Slc5a3",14
"GO:0006109","regulation of carbohydrate metabolic process","18/801","225/25730",0.08,2.56978776529338,4.23930650756695,0.000258461773958901,0.0159707630427503,0.0132137870748977,"Tgfb1/Ogt/Dgat2/Nfkb1/Ppp1r3d/Prkag2/Prxl2c/Arrb1/Sesn2/Cd36/Prkag1/Hdac4/Khk/Gpld1/Cd244a/Acadm/Foxo1/Prkaca",18
"GO:0010959","regulation of metal ion transport","27/801","413/25730",0.0653753026634383,2.10000816171069,4.03961610768327,0.000263166244478906,0.0159707630427503,0.0132137870748977,"Tgfb1/Pik3cg/Cracr2a/Pde4b/Ptgs2/Kcnj2/Fbxo11/Selenon/Kcng3/Wnk1/Stim2/Atp7a/Epb41/Stim1/Scn2b/Ace/Akap5/Nfatc3/Nedd4l/P2rx1/Gpd1l/Gnb5/Scn1b/Tspan13/Ppp3r1/Cbarp/Ahr",27
"GO:1903522","regulation of blood circulation","21/801","286/25730",0.0734265734265734,2.35863387548781,4.14159897706543,0.000269882628823157,0.0159707630427503,0.0132137870748977,"Pde4b/Ptgs2/Kcnj2/Popdc2/Ptger2/Adra2b/Tbx2/Scn2b/Ace/Nup155/Hdac4/Nos1ap/Alox5/Per2/P2rx1/Gpd1l/Scn1b/Ptgs1/Itga4/Ahr/Cacna1e",21
"GO:0019364","pyridine nucleotide catabolic process","13/801","133/25730",0.0977443609022556,3.13977828466297,4.43481333563803,0.000269924602544051,0.0159707630427503,0.0132137870748977,"Ogt/Bcl2l13/Adpgk/Prkag2/Prxl2c/Prkag1/Hdac4/Pfkfb4/Galt/Pfkfb2/Khk/Xpo4/Prkaca",13
"GO:0046031","ADP metabolic process","13/801","133/25730",0.0977443609022556,3.13977828466297,4.43481333563803,0.000269924602544051,0.0159707630427503,0.0132137870748977,"Ogt/Bcl2l13/Adpgk/Prkag2/Prxl2c/Prkag1/Hdac4/Pfkfb4/Galt/Pfkfb2/Khk/Xpo4/Prkaca",13
"GO:0098659","inorganic cation import across plasma membrane","13/801","133/25730",0.0977443609022556,3.13977828466297,4.43481333563803,0.000269924602544051,0.0159707630427503,0.0132137870748977,"Trpm2/Kcnj2/Wnk1/Slc9a9/Slc12a2/Slc9a6/Akap5/Nedd4l/Atp1a3/P2rx1/Scnn1a/Ppp3r1/Cacna1e",13
"GO:0099587","inorganic ion import across plasma membrane","13/801","133/25730",0.0977443609022556,3.13977828466297,4.43481333563803,0.000269924602544051,0.0159707630427503,0.0132137870748977,"Trpm2/Kcnj2/Wnk1/Slc9a9/Slc12a2/Slc9a6/Akap5/Nedd4l/Atp1a3/P2rx1/Scnn1a/Ppp3r1/Cacna1e",13
"GO:0006979","response to oxidative stress","28/801","436/25730",0.0642201834862385,2.0629030225979,4.01239252183353,0.000272893428720714,0.0159707630427503,0.0132137870748977,"Nr4a3/Map3k5/Fancc/Trpm2/Nfkb1/Met/Mctp1/Ptgs2/Xbp1/Top2b/Selenon/Pam/Slc25a24/Atp7a/Sesn2/Cd36/Fbxo31/Stk26/Bmal1/Pink1/Alox5/Camk2g/Sesn3/Hdac6/Ptgs1/Nr4a2/Foxo1/Hgf",28
"GO:1903321","negative regulation of protein modification by small protein conjugation or removal","10/801","84/25730",0.119047619047619,3.82408893644849,4.64711560275272,0.000279066988549779,0.0160596343134145,0.0132873168144905,"Ogt/Dcun1d3/Dnajb2/Prkcg/Wnk1/Arrb1/Gtpbp4/Per2/Hmg20a/Cdk5",10
"GO:0019693","ribose phosphate metabolic process","27/801","415/25730",0.0650602409638554,2.08988764044944,4.01228794399401,0.000284042033708356,0.0160596343134145,0.0132873168144905,"Tgfb1/Pde7b/Pde4b/Ogt/Bcl2l13/Prps1l1/Adpgk/Uck2/Selenon/Nudt4/Prkag2/Prxl2c/Atp7a/Prkag1/Hdac4/Pfkfb4/Galt/Pfkfb2/mt-Nd2/Khk/Gucy2c/mt-Nd5/Rab23/Entpd5/Xpo4/Prkaca/Nt5c2",27
"GO:0006687","glycosphingolipid metabolic process","8/801","55/25730",0.145454545454545,4.67234139144252,4.88702374314835,0.000284212405465228,0.0160596343134145,0.0132873168144905,"St3gal1/B4galt3/St8sia4/Abca2/Galc/B4galt6/Gm2a/Map7",8
"GO:0045732","positive regulation of protein catabolic process","17/801","208/25730",0.0817307692307692,2.6253841352156,4.21896200738132,0.000295483886682662,0.0165068043969542,0.0136572935184427,"Nrdc/Trf/Ubxn2a/Dnajb2/Xbp1/Fbxo11/Sorl1/Dab2ip/Zer1/Il1b/Pabir1/Cdkn1b/Abca2/Snx9/Nedd4l/Gpld1/Foxo1",17
"GO:0097320","plasma membrane tubulation","5/801","20/25730",0.25,8.03058676654182,5.63807455684484,0.000303289256863794,0.0167524717611507,0.0138605522001384,"Asap1/Fnbp1l/Snx9/Cavin2/Bin2",5
"GO:0002366","leukocyte activation involved in immune response","24/801","352/25730",0.0681818181818182,2.19016002723868,4.0301691835218,0.000308880023701297,0.0168717132946175,0.0139592094921849,"Rab44/Nr4a3/Tgfb1/Cracr2a/Il23a/Stat4/Icosl/Cx3cr1/Lcp1/St3gal1/Clec7a/Bcr/Supt6/Xbp1/Men1/Itgal/Pglyrp4/Gpr65/Atp7a/Gapt/Atad5/Cd244a/Kmt5c/Msh6",24
"GO:0034763","negative regulation of transmembrane transport","12/801","118/25730",0.101694915254237,3.26667936266108,4.42368944119857,0.000318782321286445,0.0172212515543315,0.0142484082064873,"Tgfb1/Ahi1/Prkcb/Fbxo11/Il1b/Atp7a/Ace/Nedd4l/Gnb5/Ppp3r1/Cbarp/Ahr",12
"GO:0030308","negative regulation of cell growth","16/801","191/25730",0.0837696335078534,2.6908772411449,4.20438135002789,0.00033460441744222,0.0175267746253379,0.0145011899174137,"Tgfb1/Ptprj/Smarca2/Spag9/Ppard/Dcun1d3/Dnajb2/Dab2ip/Pi16/Tspyl2/Cdkn1b/Sesn2/Bcl11a/Dip2b/Cdk5/Hdac6",16
"GO:0050995","negative regulation of lipid catabolic process","6/801","31/25730",0.193548387096774,6.21722846441948,5.21000179001452,0.000337896567362677,0.0175267746253379,0.0145011899174137,"Pik3cg/Sorl1/Il1b/Crtc3/Pde3b/Gpld1",6
"GO:2000629","negative regulation of miRNA metabolic process","6/801","31/25730",0.193548387096774,6.21722846441948,5.21000179001452,0.000337896567362677,0.0175267746253379,0.0145011899174137,"Tgfb1/Srf/Ppard/Olr1/Hdac4/Nfatc3",6
"GO:0009185","ribonucleoside diphosphate metabolic process","14/801","154/25730",0.0909090909090909,2.92021336965157,4.28419096214097,0.000338698858707709,0.0175267746253379,0.0145011899174137,"Ogt/Bcl2l13/Adpgk/Prkag2/Prxl2c/Prkag1/Hdac4/Pfkfb4/Galt/Pfkfb2/Khk/Entpd5/Xpo4/Prkaca",14
"GO:0032635","interleukin-6 production","15/801","173/25730",0.0867052023121387,2.78517460111277,4.2230293231998,0.000351991442940924,0.0176645806428772,0.0146152069727373,"Tgfb1/Met/Clec7a/Cd300ld/Xbp1/Nlrp12/Il1b/Arrb1/Il17ra/Cd36/Tlr8/Card9/Sirpb1b/Mbp/Hgf",15
"GO:0032675","regulation of interleukin-6 production","15/801","173/25730",0.0867052023121387,2.78517460111277,4.2230293231998,0.000351991442940924,0.0176645806428772,0.0146152069727373,"Tgfb1/Met/Clec7a/Cd300ld/Xbp1/Nlrp12/Il1b/Arrb1/Il17ra/Cd36/Tlr8/Card9/Sirpb1b/Mbp/Hgf",15
"GO:0006006","glucose metabolic process","19/801","251/25730",0.0756972111553785,2.43157208867402,4.08539616077744,0.000355661026639996,0.0176645806428772,0.0146152069727373,"Ogt/Dgat2/Bcl2l13/Adpgk/Pgm2l1/Pgm2/Prkag2/Gpt2/Sesn2/Cd36/Prkag1/Pfkfb4/Pfkfb2/Gpld1/Mapk14/Per2/Acadm/Foxo1/Prkaca",19
"GO:0032970","regulation of actin filament-based process","27/801","421/25730",0.0641330166270784,2.06010301849529,3.93121601928775,0.000355735045493256,0.0176645806428772,0.0146152069727373,"Tgfb1/Trpm2/Arap2/Pde4b/Met/Myadm/Svil/Kcnj2/Arap3/Akap13/Hip1r/Rhobtb2/Lima1/Plekhg2/Frmd6/Pam/Ssh2/Gpr65/Prex1/Snx9/Arhgap18/Rhof/Dbn1/Vill/Washc2/Arfip1/Mtss1",27
"GO:0072526","pyridine-containing compound catabolic process","13/801","137/25730",0.0948905109489051,3.04810592598668,4.30851274657415,0.000360801713220757,0.0177370122219324,0.0146751349461579,"Ogt/Bcl2l13/Adpgk/Prkag2/Prxl2c/Prkag1/Hdac4/Pfkfb4/Galt/Pfkfb2/Khk/Xpo4/Prkaca",13
"GO:0019395","fatty acid oxidation","12/801","120/25730",0.1,3.21223470661673,4.35403903206383,0.000372341861865981,0.0178373678108008,0.0147581665069878,"Dgat2/Ppard/C1qtnf9/Dgat1/Acox1/Sesn2/Cd36/Acaa2/Mapk14/Alox12/Acadm/Crot",12
"GO:0006909","phagocytosis","19/801","252/25730",0.0753968253968254,2.42192299308404,4.06601487835954,0.000373728414262101,0.0178373678108008,0.0147581665069878,"Tgfb1/Anxa11/Ptprj/Stap1/Clec7a/Bcr/Icam5/Prkcg/Rapgef1/Ceacam10/Itgal/Cfp/Cd36/Abca1/Sirpb1b/Camk1d/Bin2/Plscr1/Prkaca",19
"GO:0097529","myeloid leukocyte migration","19/801","252/25730",0.0753968253968254,2.42192299308404,4.06601487835954,0.000373728414262101,0.0178373678108008,0.0147581665069878,"Vav3/Il23a/Pde4b/Cx3cr1/Ptprj/Stap1/Bcr/Jaml/Trem1/Retnlg/Il1b/Il17ra/Prex1/Sirpb1b/Camk1d/Mtus1/Ccl22/Gbf1/Ppbp",19
"GO:0070586","cell-cell adhesion involved in gastrulation","4/801","12/25730",0.333333333333333,10.7074490220558,6.02909918214507,0.000377873157186125,0.0178617734685288,0.0147783591029068,"Myadm/Wnk1/Mbp/Ric8a",4
"GO:0015693","magnesium ion transport","5/801","21/25730",0.238095238095238,7.64817787289697,5.46317319052216,0.000387918609239037,0.0181619798382772,0.0150267419157858,"Kcnj2/Cnnm2/Slc41a1/Slc41a3/Mmgt1",5
"GO:0031346","positive regulation of cell projection organization","29/801","469/25730",0.0618336886993603,1.9862432087822,3.86385179894043,0.000398944773643951,0.018462759640799,0.0152755991717801,"Igf1r/Met/Ahi1/Fnbp1l/Nrdc/Rab8b/Srf/Ache/Cux1/Rapgef1/Rapgef6/Tiam2/Dab2ip/Atp7a/Fbxo31/Hdac4/Clip1/Akap5/Stk26/Nin/Bcl11a/Septin9/Camk1d/Atmin/Scn1b/Dbn1/Hdac6/Itga6/Hgf",29
"GO:0043271","negative regulation of monoatomic ion transport","12/801","121/25730",0.0991735537190083,3.18568731234717,4.31976070017285,0.00040185420699054,0.018462759640799,0.0152755991717801,"Tgfb1/Ptgs2/Fbxo11/Wnk1/Atp7a/Ace/Akap5/Nedd4l/Gnb5/Ppp3r1/Cbarp/Ahr",12
"GO:0002285","lymphocyte activation involved in immune response","19/801","254/25730",0.0748031496062992,2.40285273329598,4.027528326535,0.000412269741679636,0.0185573712819763,0.0153538783421602,"Tgfb1/Cracr2a/Il23a/Stat4/Icosl/Lcp1/St3gal1/Supt6/Xbp1/Men1/Itgal/Pglyrp4/Gpr65/Atp7a/Gapt/Atad5/Cd244a/Kmt5c/Msh6",19
"GO:0006090","pyruvate metabolic process","14/801","157/25730",0.089171974522293,2.86441311418052,4.20026236203886,0.000412372746342455,0.0185573712819763,0.0153538783421602,"Ogt/Bcl2l13/Adpgk/Slc16a3/Prkag2/Prxl2c/Prkag1/Hdac4/Pfkfb4/Galt/Pfkfb2/Khk/Xpo4/Prkaca",14
"GO:0015749","monosaccharide transmembrane transport","13/801","139/25730",0.0935251798561151,3.00424828676385,4.24708130883636,0.000415238169450243,0.0185573712819763,0.0153538783421602,"Nr4a3/Crebl2/Met/Ahi1/Prkcb/Selenon/Slc2a3/Sort1/Il1b/Sesn2/Ace/Mapk14/Slc5a3",13
"GO:1903409","reactive oxygen species biosynthetic process","9/801","73/25730",0.123287671232877,3.960289364322,4.540126363109,0.000429295088114103,0.0189530089836828,0.0156812185158987,"Ogt/Acox1/Cd36/Hdac4/Alox12/Alox5/Gbf1/Slc5a3/Ahr",9
"GO:0009132","nucleoside diphosphate metabolic process","14/801","158/25730",0.0886075949367089,2.84628391725533,4.17272693228585,0.000439788401461622,0.0189530089836828,0.0156812185158987,"Ogt/Bcl2l13/Adpgk/Prkag2/Prxl2c/Prkag1/Hdac4/Pfkfb4/Galt/Pfkfb2/Khk/Entpd5/Xpo4/Prkaca",14
"GO:0006816","calcium ion transport","29/801","472/25730",0.0614406779661017,1.97361878160774,3.8267998269761,0.000442218479830097,0.0189530089836828,0.0156812185158987,"Tgfb1/Pik3cg/Orai2/Trpm2/Cracr2a/Pde4b/Ptgs2/Atp2c1/Prkcb/Fbxo11/Selenon/Ramp1/Stim2/Epb41/Atp2a3/Stim1/Ace/Akap5/Nfatc3/P2rx1/Gnb5/Cdk5/Camk2g/Tspan13/Tpcn1/Ppp3r1/Cbarp/Ahr/Cacna1e",29
"GO:0009135","purine nucleoside diphosphate metabolic process","13/801","140/25730",0.0928571428571429,2.98278937042982,4.21677802191101,0.000444972452373953,0.0189530089836828,0.0156812185158987,"Ogt/Bcl2l13/Adpgk/Prkag2/Prxl2c/Prkag1/Hdac4/Pfkfb4/Galt/Pfkfb2/Khk/Xpo4/Prkaca",13
"GO:0009179","purine ribonucleoside diphosphate metabolic process","13/801","140/25730",0.0928571428571429,2.98278937042982,4.21677802191101,0.000444972452373953,0.0189530089836828,0.0156812185158987,"Ogt/Bcl2l13/Adpgk/Prkag2/Prxl2c/Prkag1/Hdac4/Pfkfb4/Galt/Pfkfb2/Khk/Xpo4/Prkaca",13
"GO:1901874","negative regulation of post-translational protein modification","10/801","89/25730",0.112359550561798,3.60925247934464,4.4199658260917,0.000447223157466884,0.0189530089836828,0.0156812185158987,"Ogt/Dcun1d3/Dnajb2/Prkcg/Wnk1/Arrb1/Gtpbp4/Per2/Hmg20a/Cdk5",10
"GO:0009259","ribonucleotide metabolic process","26/801","406/25730",0.0640394088669951,2.05709611753781,3.8484568798782,0.000463815373374195,0.0191246128721443,0.0158231990360082,"Tgfb1/Pde7b/Pde4b/Ogt/Bcl2l13/Adpgk/Uck2/Selenon/Nudt4/Prkag2/Prxl2c/Atp7a/Prkag1/Hdac4/Pfkfb4/Galt/Pfkfb2/mt-Nd2/Khk/Gucy2c/mt-Nd5/Rab23/Entpd5/Xpo4/Prkaca/Nt5c2",26
"GO:0050867","positive regulation of cell activation","26/801","406/25730",0.0640394088669951,2.05709611753781,3.8484568798782,0.000463815373374195,0.0191246128721443,0.0158231990360082,"Nr4a3/Tgfb1/H2-Ob/Vav3/Il23a/Icosl/Ptprj/Cd6/Stap1/Smarca2/Blm/Clec7a/Cd300lb/Xbp1/Itgal/Zbtb1/Cd80/Il1b/Dgat1/Gpr65/Atad5/Sirpb1b/Cd244a/Il1rl1/Kmt5c/H2-Eb1",26
"GO:0051926","negative regulation of calcium ion transport","8/801","59/25730",0.135593220338983,4.35557248354811,4.62537043001717,0.000464078347391704,0.0191246128721443,0.0158231990360082,"Tgfb1/Ptgs2/Fbxo11/Ace/Gnb5/Ppp3r1/Cbarp/Ahr",8
"GO:0046364","monosaccharide biosynthetic process","12/801","123/25730",0.0975609756097561,3.13388751865047,4.25226195578955,0.00046683351193192,0.0191246128721443,0.0158231990360082,"Ogt/Dgat2/Prkag2/Gpt2/Sesn2/Prkag1/Pfkfb4/Pfkfb2/Per2/Acadm/Foxo1/Prkaca",12
"GO:0034113","heterotypic cell-cell adhesion","8/801","60/25730",0.133333333333333,4.28297960882231,4.56358515610809,0.000521071609176988,0.0211701490141659,0.0175156215559798,"Itgax/Myadm/Cd44/Il1b/Wnk1/Gcnt2/Mbp/Itga4",8
"GO:0007015","actin filament organization","29/801","478/25730",0.0606694560669456,1.94884532409802,3.75350295789199,0.000541363167342275,0.0218142732020871,0.0180485528784344,"Lcp1/Met/Srf/Myadm/Svil/Mical1/Hip1r/Rhobtb2/Lima1/Plekhg2/Hip1/Ssh2/Arrb1/Gpr65/Zyx/Rflnb/Prex1/Snx9/Arhgap18/Rhof/Myl9/Dbn1/Vill/Catip/Hdac6/Washc2/Arfip1/Coro6/Mtss1",29
"GO:0098739","import across plasma membrane","17/801","220/25730",0.0772727272727273,2.48218136420384,3.95760769989287,0.000564200361018161,0.0225146341988754,0.0186280130496456,"Trpm2/Kcnj2/Slc38a1/Wnk1/Slc9a9/Slc15a2/Cd36/Slc12a2/Slc9a6/Akap5/Nedd4l/Atp1a3/Per2/P2rx1/Scnn1a/Ppp3r1/Cacna1e",17
"GO:0035725","sodium ion transmembrane transport","15/801","181/25730",0.0828729281767956,2.66207296128458,4.02233003073338,0.000567903710467973,0.0225146341988754,0.0186280130496456,"Trpm2/Slc38a1/Wnk1/Slc9a9/Slc12a2/Scn2b/Slc9a6/Nedd4l/Atp1a3/Slc41a1/Scn1b/Scnn1a/Slc5a3/Tpcn1/Slc41a3",15
"GO:0046434","organophosphate catabolic process","20/801","282/25730",0.0709219858156028,2.27818064299059,3.86870170665466,0.000581231398791397,0.022795688000299,0.0188605495338862,"Pde7b/Pde4b/Ogt/Bcl2l13/Adpgk/Nudt4/Prkag2/Prxl2c/Prkag1/Hdac4/Pfkfb4/Smpd5/Galt/Pfkfb2/Khk/Gpd1l/Entpd5/Xpo4/Prkaca/Nt5c2",20
"GO:0032956","regulation of actin cytoskeleton organization","24/801","368/25730",0.0652173913043478,2.0949356782283,3.79224205684739,0.000584267023604082,0.022795688000299,0.0188605495338862,"Tgfb1/Trpm2/Arap2/Met/Myadm/Svil/Arap3/Akap13/Hip1r/Rhobtb2/Lima1/Plekhg2/Pam/Ssh2/Gpr65/Prex1/Snx9/Arhgap18/Rhof/Dbn1/Vill/Washc2/Arfip1/Mtss1",24
"GO:0072524","pyridine-containing compound metabolic process","17/801","221/25730",0.0769230769230769,2.47094977432056,3.93661140748021,0.00059394321730465,0.0229907468997611,0.0190219361099475,"Ogt/Bcl2l13/Adpgk/Pnpo/Prkag2/Prxl2c/Prkag1/Hdac4/Pfkfb4/Galt/Pfkfb2/Nadk2/Khk/Gpd1l/Haao/Xpo4/Prkaca",17
"GO:0035633","maintenance of blood-brain barrier","5/801","23/25730",0.217391304347826,6.98311892742767,5.14566060023052,0.00060920775316283,0.02339738526991,0.0193583779458978,"Ptgs2/Tjp2/Slc12a2/Mbp/Ptgs1",5
"GO:0046847","filopodium assembly","9/801","77/25730",0.116883116883117,3.75456004669488,4.33914145981371,0.000638935823016866,0.0243008613720823,0.0201058901849441,"Trpm2/Fnbp1l/Srf/Spata13/Arhgef4/Ppp1r16b/Fgd2/Dbn1/Itga6",9
"GO:0050890","cognition","26/801","415/25730",0.0626506024096386,2.01248439450687,3.72733736836099,0.000642618384534317,0.0243008613720823,0.0201058901849441,"Aph1c/Cx3cr1/Srf/Ptgs2/Synj1/Ankrd11/Prkcg/Prkar2b/Zzef1/Il1b/Ncam1/Rogdi/Itga8/Atp1a3/Gm2a/Eif4ebp2/Cdk5/Ric8a/Nrgn/Rp9/Ptgs1/Lins1/Man2b1/Nr4a2/Ahr/Cacna1e",26
"GO:0001974","blood vessel remodeling","8/801","62/25730",0.129032258064516,4.14481897627965,4.44396636847015,0.000652049932091939,0.0243062002045003,0.0201103073937282,"Bcr/Dll4/Atp7a/Nfatc3/Sema3c/Tgfbr3/Itga4/Ahr",8
"GO:0007159","leukocyte cell-cell adhesion","27/801","438/25730",0.0616438356164384,1.980144682161,3.70860807310313,0.000652648174734346,0.0243062002045003,0.0201103073937282,"Nr4a3/Tgfb1/Zfp608/H2-Ob/Il23a/Lrrc32/Icosl/Cx3cr1/Cd6/Smarca2/Blm/Lrg1/Ets1/Cd44/Xbp1/Olr1/Itgal/Zbtb1/Cd80/Il1b/Wnk1/Gpr65/Sirpb1b/Cd244a/Alox5/Itga4/H2-Eb1",27
"GO:0007160","cell-matrix adhesion","18/801","244/25730",0.0737704918032787,2.36968134094677,3.8533538876323,0.0006807528934967,0.0251622648453367,0.0208185926432232,"Ptprj/Itgax/Srf/Bcr/Itgal/Ankrd28/Trem1/Itga2b/Cd36/Zyx/Itga8/Ldb1/Peak1/Npnt/Cdk5/Plet1/Itga6/Itga4",18
"GO:0048762","mesenchymal cell differentiation","19/801","265/25730",0.0716981132075472,2.30311167644218,3.82215254166922,0.000692017228014192,0.0252014538212777,0.020851016565761,"Tgfb1/Akna/Ldlrad4/Lrg1/Ankrd11/Fbxo11/Bcl9l/Dab2ip/Snai1/Il1b/Sema4b/Ncam1/Gcnt2/Rflnb/Sema6b/Zfp64/Sema3c/Tgfbr3/Ppp3r1",19
"GO:0030593","neutrophil chemotaxis","10/801","94/25730",0.106382978723404,3.41727096448588,4.20861708163456,0.000692065961324755,0.0252014538212777,0.020851016565761,"Vav3/Il23a/Pde4b/Jaml/Trem1/Il1b/Prex1/Camk1d/Gbf1/Ppbp",10
"GO:0043122","regulation of canonical NF-kappaB signal transduction","20/801","287/25730",0.0696864111498258,2.23849108475033,3.78202988983488,0.000723913565199693,0.0259165544220034,0.0214426718955551,"Tgfb1/Cx3cr1/Traf4/Clec7a/Zmynd11/Atp2c1/Akap13/Prkcb/Dab2ip/Nlrp12/Il1b/Cd36/Tlr8/Card10/Card9/Map3k3/Huwe1/Pink1/Il1rl1/Tgfbr3",20
"GO:0071560","cellular response to transforming growth factor beta stimulus","20/801","287/25730",0.0696864111498258,2.23849108475033,3.78202988983488,0.000723913565199693,0.0259165544220034,0.0214426718955551,"Tgfb1/Igf1r/Lrrc32/Ldlrad4/Ogt/Lrg1/Xbp1/Men1/Bcl9l/Selenon/Gcnt2/Zyx/Itga8/Nlk/Chst11/Npnt/Dbn1/Tgfbr3/Hpgd/Rasl11b",20
"GO:0046496","nicotinamide nucleotide metabolic process","16/801","205/25730",0.0780487804878049,2.50711001492037,3.8834193804743,0.000727519225027761,0.0259165544220034,0.0214426718955551,"Ogt/Bcl2l13/Adpgk/Prkag2/Prxl2c/Prkag1/Hdac4/Pfkfb4/Galt/Pfkfb2/Nadk2/Khk/Gpd1l/Haao/Xpo4/Prkaca",16
"GO:0002237","response to molecule of bacterial origin","28/801","465/25730",0.0602150537634409,1.93424885559717,3.64422079846744,0.000751435031591879,0.0264170771463384,0.0218567911638584,"Paf1/Pde4b/Cx3cr1/Ogt/Nfkb1/Cd6/Stap1/Fosl2/Bcr/Ptgs2/Ppard/Cd300lb/Xbp1/Ptger2/Mapkapk3/Dab2ip/Cd80/Il1b/Cd36/Slc12a2/Ace/Abca1/Card9/Mapk14/Hpgd/Ppbp/Plscr1/Ahr",28
"GO:0042147","retrograde transport, endosome to Golgi","10/801","95/25730",0.105263157894737,3.3812996911755,4.16806497181913,0.000752317087161792,0.0264170771463384,0.0218567911638584,"Tbc1d10c/Rcsd1/Stx6/Dennd5a/Spag9/Sorl1/Gbf1/Washc2/Arfip1/Prepl",10
"GO:0007178","cell surface receptor protein serine/threonine kinase signaling pathway","26/801","420/25730",0.0619047619047619,1.98852624695321,3.66135686179034,0.000765944864977318,0.0267048578455922,0.0220948933055047,"Tgfb1/Trps1/Lrrc32/Ldlrad4/Ogt/Lrg1/Xbp1/Sorl1/Men1/Bcl9l/Selenon/Tgif2/Nfia/Runx2/Gcnt2/Zyx/Itga8/Nlk/Chst11/Mapk14/Npnt/Fam83g/Tmem119/Tgfbr3/Hpgd/Rasl11b",26
"GO:0045926","negative regulation of growth","18/801","247/25730",0.0728744939271255,2.34089978619843,3.79572555483266,0.000784457208584325,0.0271576875873277,0.0224695526610069,"Tgfb1/Ptprj/Smarca2/Spag9/Ppard/Dcun1d3/Dnajb2/Bbs2/Men1/Dab2ip/Pi16/Tspyl2/Cdkn1b/Sesn2/Bcl11a/Dip2b/Cdk5/Hdac6",18
"GO:0003018","vascular process in circulatory system","19/801","268/25730",0.0708955223880597,2.27733057558649,3.76790314746961,0.00079211818035948,0.0272311396828476,0.022530324982768,"Tgfb1/Ptprj/Bcr/Ptgs2/Gpr4/Ppard/Bbs2/Tjp2/Adra2b/Ctnnbip1/Cd36/Ace/Alox5/Per2/P2rx1/Tgfbr3/Ptgs1/Itga4/Ahr",19
"GO:0019216","regulation of lipid metabolic process","25/801","399/25730",0.06265664160401,2.01267838760447,3.65432445757975,0.000808213243115292,0.0275915021052415,0.0228284793230811,"Pik3cg/Igf1r/Crebl2/Ogt/Dgat2/Nfkb1/Gk/Ptgs2/Ppard/Elovl5/Sorl1/Snai1/Il1b/Prkag2/Dgat1/Abca2/Cd36/Crtc3/Fmo5/Pde3b/Gpld1/Lactb/Hpgd/Prkaca/Daglb",25
"GO:0042176","regulation of protein catabolic process","24/801","378/25730",0.0634920634920635,2.03951409943919,3.6496015620313,0.000849096781357585,0.0285901354599582,0.0236547221569265,"Ogt/Nrdc/Trf/Rnf19a/Ubxn2a/Dnajb2/Prkcg/Xbp1/Fbxo11/Sorl1/Dab2ip/Zer1/Il1b/Pabir1/Cdkn1b/Abca2/Usp38/Snx9/Araf/Nedd4l/Bmal1/Gpld1/Foxo1/Prkaca",24
"GO:0141091","transforming growth factor beta receptor superfamily signaling pathway","24/801","378/25730",0.0634920634920635,2.03951409943919,3.6496015620313,0.000849096781357585,0.0285901354599582,0.0236547221569265,"Tgfb1/Lrrc32/Ldlrad4/Ogt/Lrg1/Xbp1/Sorl1/Men1/Bcl9l/Selenon/Tgif2/Nfia/Runx2/Gcnt2/Zyx/Itga8/Nlk/Chst11/Npnt/Fam83g/Tmem119/Tgfbr3/Hpgd/Rasl11b",24
"GO:0072583","clathrin-dependent endocytosis","7/801","50/25730",0.14,4.49712858926342,4.43684622358589,0.000859460618946155,0.0287422340322401,0.0237805644941492,"Fnbp1l/Itsn1/Hip1r/Tnk2/Unc119/Bmp2k/Itga4",7
"GO:0006631","fatty acid metabolic process","29/801","493/25730",0.0588235294117647,1.88954982742161,3.57478690408813,0.000879282821587622,0.0292064483170591,0.0241646431195916,"Dgat2/Gk/Ptgs2/Ppard/Prkar2b/Elovl5/Pam/C1qtnf9/Il1b/Prkag2/Dgat1/Acox1/Alox5ap/Sesn2/Cd36/Acat2/Prkag1/Acaa2/Mapk14/Alox12/Alox5/Per2/Acadm/Hpgd/Ptgs1/Cyp2f2/Crot/Ahr/Daglb",29
"GO:1903428","positive regulation of reactive oxygen species biosynthetic process","5/801","25/25730",0.2,6.42446941323346,4.86400203160917,0.000913619480544869,0.0301433111836146,0.024939778684743,"Ogt/Cd36/Hdac4/Alox12/Slc5a3",5
"GO:0016197","endosomal transport","20/801","293/25730",0.068259385665529,2.19265167687149,3.68035550114046,0.000934158153819592,0.030216110726373,0.0250000111016028,"Cracr2a/Tbc1d10c/Tmcc1/Rcsd1/Stx6/Dennd5a/Rab8b/Itsn1/Spag9/Rab11fip4/Sorl1/Sort1/Stx12/Abca1/Snx9/Akap5/Gbf1/Washc2/Arfip1/Prepl",20
"GO:0033002","muscle cell proliferation","20/801","293/25730",0.068259385665529,2.19265167687149,3.68035550114046,0.000934158153819592,0.030216110726373,0.0250000111016028,"Nr4a3/Tgfb1/Map3k5/Igf1r/Ptgs2/Ppard/Xbp1/Dsn1/Selenon/Ncam1/Paxbp1/Tbx2/Ctnnbip1/Cdkn1b/Hdac4/Mapk14/Alox12/Tgfbr3/Hpgd/Hgf",20
"GO:0051924","regulation of calcium ion transport","19/801","272/25730",0.0698529411764706,2.24384042006316,3.69668341689735,0.000944762191382615,0.030216110726373,0.0250000111016028,"Tgfb1/Pik3cg/Cracr2a/Pde4b/Ptgs2/Fbxo11/Selenon/Stim2/Epb41/Stim1/Ace/Akap5/Nfatc3/P2rx1/Gnb5/Tspan13/Ppp3r1/Cbarp/Ahr",19
"GO:0002696","positive regulation of leukocyte activation","24/801","381/25730",0.062992125984252,2.02345493330188,3.60766396594052,0.000946558391346916,0.030216110726373,0.0250000111016028,"Nr4a3/Tgfb1/H2-Ob/Vav3/Il23a/Icosl/Cd6/Stap1/Smarca2/Blm/Clec7a/Cd300lb/Xbp1/Itgal/Zbtb1/Cd80/Il1b/Gpr65/Atad5/Sirpb1b/Cd244a/Il1rl1/Kmt5c/H2-Eb1",24
"GO:0010038","response to metal ion","24/801","381/25730",0.062992125984252,2.02345493330188,3.60766396594052,0.000946558391346916,0.030216110726373,0.0250000111016028,"Trpm2/Adgrv1/Anxa11/Trf/Impa2/D2hgdh/Pam/Ncam1/Wnk1/Slc25a24/Cdkn1b/Atp7a/Alox5ap/Rasgrp2/Slc12a2/Stim1/Akap5/Nfatc3/Atp1a3/Khk/Lta4h/Slc41a1/Haao/Plscr1",24
"GO:0006895","Golgi to endosome transport","4/801","15/25730",0.266666666666667,8.56595921764461,5.25401905992942,0.000967138487308346,0.0306738890555344,0.0253787647875005,"Sort1/Dop1a/Wipi1/Gbf1",4
"GO:0060348","bone development","18/801","253/25730",0.0711462450592885,2.28538437624906,3.68293807402568,0.00103297355394039,0.0323000449573361,0.0267242031851199,"Tgfb1/Atg9a/Ifitm5/Chsy1/Fosl2/Akap13/Foxn3/Ankrd11/Asxl1/Tjp2/Runx2/Rflnb/Mapk14/Tmem119/Rab23/Lrrk1/Dym/Phospho1",18
"GO:0006163","purine nucleotide metabolic process","28/801","475/25730",0.0589473684210526,1.89352782705828,3.52335564981833,0.00103692163560382,0.0323000449573361,0.0267242031851199,"Tgfb1/Pde7b/Pde4b/Ogt/Bcl2l13/Prps1l1/Adpgk/Selenon/Nudt4/Prkag2/Prxl2c/Atp7a/Prkag1/Hdac4/Pfkfb4/Galt/Pfkfb2/Nadk2/mt-Nd2/Khk/Gpd1l/Gucy2c/mt-Nd5/Rab23/Haao/Xpo4/Prkaca/Nt5c2",28
"GO:0002090","regulation of receptor internalization","10/801","99/25730",0.101010101010101,3.24468152183508,4.01111243853542,0.00103812186803481,0.0323000449573361,0.0267242031851199,"Ahi1/Synj1/Ankrd13a/Tamalin/Hip1/Arrb1/Ankrd13d/Akap5/Nedd4l/Ppp3r1",10
"GO:0009150","purine ribonucleotide metabolic process","24/801","384/25730",0.0625,2.00764669163546,3.56610776413825,0.00105356107114817,0.0324958255498647,0.0268861868709428,"Tgfb1/Pde7b/Pde4b/Ogt/Bcl2l13/Adpgk/Selenon/Nudt4/Prkag2/Prxl2c/Atp7a/Prkag1/Hdac4/Pfkfb4/Galt/Pfkfb2/mt-Nd2/Khk/Gucy2c/mt-Nd5/Rab23/Xpo4/Prkaca/Nt5c2",24
"GO:0071559","response to transforming growth factor beta","20/801","296/25730",0.0675675675675676,2.17042885582211,3.63043633482651,0.00105763468022342,0.0324958255498647,0.0268861868709428,"Tgfb1/Igf1r/Lrrc32/Ldlrad4/Ogt/Lrg1/Xbp1/Men1/Bcl9l/Selenon/Gcnt2/Zyx/Itga8/Nlk/Chst11/Npnt/Dbn1/Tgfbr3/Hpgd/Rasl11b",20
"GO:0001837","epithelial to mesenchymal transition","14/801","173/25730",0.0809248554913295,2.59949629437192,3.78378661071671,0.00107847817221016,0.0329180468552067,0.0272355216154594,"Tgfb1/Akna/Ldlrad4/Lrg1/Fbxo11/Bcl9l/Dab2ip/Snai1/Il1b/Ncam1/Gcnt2/Rflnb/Tgfbr3/Ppp3r1",14
"GO:0051403","stress-activated MAPK cascade","7/801","52/25730",0.134615384615385,4.32416210506098,4.30109021146506,0.00109101263454866,0.0329180468552067,0.0272355216154594,"Map3k5/Klhdc10/Clec7a/Il1b/Card9/Mapk14/Foxo1",7
"GO:0045598","regulation of fat cell differentiation","13/801","154/25730",0.0844155844155844,2.71162670039075,3.81881292791112,0.00109146493844563,0.0329180468552067,0.0272355216154594,"Tgfb1/Crebl2/Klf5/Ptgs2/Ppard/Xbp1/Asxl1/Sort1/Bmal1/Mapk14/Alox5/Hdac6/Foxo1",13
"GO:0002115","store-operated calcium entry","5/801","26/25730",0.192307692307692,6.1773744358014,4.73446788975357,0.00110242582433579,0.0330458862953338,0.0273412925881482,"Orai2/Cracr2a/Stim2/Stim1/Nfatc3",5
"GO:0007249","canonical NF-kappaB signal transduction","21/801","319/25730",0.0658307210031348,2.11463726767872,3.59081727348528,0.00111480243674769,0.0332022121764602,0.0274706324889388,"Tgfb1/Cx3cr1/Nfkb1/Traf4/Clec7a/Zmynd11/Atp2c1/Akap13/Prkcb/Dab2ip/Nlrp12/Il1b/Cd36/Tlr8/Card10/Card9/Map3k3/Huwe1/Pink1/Il1rl1/Tgfbr3",21
"GO:1901873","regulation of post-translational protein modification","17/801","234/25730",0.0726495726495727,2.33367478685831,3.67364449955391,0.00112114874314328,0.0332022121764602,0.0274706324889388,"Ogt/Ubxn2a/Dcun1d3/Dnajb2/Prkcg/Wnk1/Arrb1/Dcun1d4/Abca2/Hdac4/Cd300ld3/Huwe1/Gtpbp4/Pink1/Per2/Hmg20a/Cdk5",17
"GO:0001763","morphogenesis of a branching structure","18/801","255/25730",0.0705882352941176,2.26745979290593,3.64604872259015,0.00112949360102861,0.0332490451656085,0.0275093808658968,"Tgfb1/Rasip1/Met/Srf/Cd44/Dll4/Il1b/Pbx1/Tbx2/Ctnnbip1/Slc12a2/Nfatc3/Bcl11a/Npnt/Sema3c/Ppp3r1/Ahr/Hgf",18
"GO:0008645","hexose transmembrane transport","12/801","136/25730",0.0882352941176471,2.83432474113241,3.84460634112408,0.00114231620588609,0.0334263480246193,0.0276560765635581,"Nr4a3/Crebl2/Met/Ahi1/Prkcb/Slc2a3/Sort1/Il1b/Sesn2/Ace/Mapk14/Slc5a3",12
"GO:0042593","glucose homeostasis","22/801","342/25730",0.064327485380117,2.06634981127392,3.55855585880111,0.00115894393944383,0.0335199130458976,0.0277334897883063,"Tgfb1/Igf1r/Ogt/Ptprj/Met/Gk/Fosl2/Srf/Ppard/Xbp1/Arrb1/Sesn2/Pde3b/C2cd2l/Gpld1/Alox5/Sesn3/Foxo1/Gpr27/Prkaca/Nucks1/Cacna1e",22
"GO:0051896","regulation of phosphatidylinositol 3-kinase/protein kinase B signal transduction","21/801","320/25730",0.065625,2.10802902621723,3.57518958745161,0.00115915077660752,0.0335199130458976,0.0277334897883063,"Tgfb1/Pik3cg/Igf1r/Vav3/Cx3cr1/Ptprj/Itsn1/Ppard/Rapgef1/Xbp1/Dab2ip/Adra2b/Il1b/Usp49/Ppp1r16b/Sesn2/Gcnt2/Pde3b/Pink1/Sesn3/Hgf",21
"GO:2000379","positive regulation of reactive oxygen species metabolic process","9/801","84/25730",0.107142857142857,3.44168004280364,4.01785130680486,0.00120280180006547,0.0343856969844456,0.02844981652775,"Tgfb1/Ogt/Clec7a/Eif5a/Cd36/Hdac4/Mapk14/Alox12/Slc5a3",9
"GO:0033500","carbohydrate homeostasis","22/801","343/25730",0.0641399416909621,2.06032546780082,3.54369098721665,0.00120307971548508,0.0343856969844456,0.02844981652775,"Tgfb1/Igf1r/Ogt/Ptprj/Met/Gk/Fosl2/Srf/Ppard/Xbp1/Arrb1/Sesn2/Pde3b/C2cd2l/Gpld1/Alox5/Sesn3/Foxo1/Gpr27/Prkaca/Nucks1/Cacna1e",22
"GO:0006664","glycolipid metabolic process","10/801","101/25730",0.099009900990099,3.18043040259082,3.93561283291979,0.00121122819310208,0.0344120937093845,0.0284716564800355,"St3gal6/St3gal1/B4galt3/St8sia4/Abca2/Galc/B4galt6/Gm2a/Map7/Piga",10
"GO:0043123","positive regulation of canonical NF-kappaB signal transduction","15/801","195/25730",0.0769230769230769,2.47094977432056,3.69591948212136,0.00121800331680897,0.0344120937093845,0.0284716564800355,"Tgfb1/Cx3cr1/Clec7a/Atp2c1/Akap13/Prkcb/Dab2ip/Il1b/Cd36/Tlr8/Card10/Card9/Map3k3/Huwe1/Pink1",15
"GO:0051044","positive regulation of membrane protein ectodomain proteolysis","4/801","16/25730",0.25,8.03058676654182,5.04245494746618,0.00125792963338863,0.0351362618053325,0.029070814015632,"Nrdc/Il1b/Snx9/Gpld1",4
"GO:2001259","positive regulation of cation channel activity","4/801","16/25730",0.25,8.03058676654182,5.04245494746618,0.00125792963338863,0.0351362618053325,0.029070814015632,"Cracr2a/Stim2/Stim1/Scn1b",4
"GO:0043491","phosphatidylinositol 3-kinase/protein kinase B signal transduction","23/801","367/25730",0.0626702997275204,2.01311711858814,3.50402872452943,0.0012796420274424,0.0352309032588594,0.029149117851962,"Tgfb1/Pik3cg/Igf1r/Vav3/Cx3cr1/Ptprj/Itsn1/Srpk2/Ppard/Rapgef1/Xbp1/Dab2ip/Adra2b/Il1b/Usp49/Ppp1r16b/Sesn2/Gcnt2/Atp1a3/Pde3b/Pink1/Sesn3/Hgf",23
"GO:0031214","biomineral tissue development","15/801","196/25730",0.076530612244898,2.45834288771688,3.67369874014757,0.00128198392848434,0.0352309032588594,0.029149117851962,"Tgfb1/Adgrv1/Ifitm5/Fosl2/Ptgs2/Rogdi/Runx2/Stim1/Rflnb/Bmp2k/Alox5/Tmem119/Phospho1/Foxo1/Mtss1",15
"GO:0061448","connective tissue development","22/801","345/25730",0.063768115942029,2.04838155204545,3.51411214268178,0.00129569636701532,0.0352309032588594,0.029149117851962,"Tgfb1/Trps1/Ccdc18/Dgat2/Chsy1/Fosl2/Srf/Zfp516/Gpr4/Ppard/Xbp1/Bbs2/Sorl1/Snai1/Nfia/Atp7a/Runx2/Rflnb/Arrdc3/Chst11/Gpld1/Mapk14",22
"GO:0030048","actin filament-based movement","12/801","138/25730",0.0869565217391304,2.79324757097107,3.78619487795582,0.00129640196257866,0.0352309032588594,0.029149117851962,"Ccdc88c/Pde4b/Syne2/Fnbp1l/Kcnj2/Frmd6/Scn2b/Nup155/Nedd4l/Gpd1l/Scn1b/Dbn1",12
"GO:0071219","cellular response to molecule of bacterial origin","21/801","323/25730",0.065015479876161,2.08844980925546,3.5286473514882,0.0013013878721383,0.0352309032588594,0.029149117851962,"Paf1/Pde4b/Cx3cr1/Ogt/Nfkb1/Cd6/Stap1/Bcr/Ppard/Cd300lb/Xbp1/Dab2ip/Cd80/Il1b/Cd36/Slc12a2/Abca1/Mapk14/Ppbp/Plscr1/Ahr",21
"GO:1903509","liposaccharide metabolic process","10/801","102/25730",0.0980392156862745,3.14924971236934,3.89856597590818,0.00130621391630446,0.0352309032588594,0.029149117851962,"St3gal6/St3gal1/B4galt3/St8sia4/Abca2/Galc/B4galt6/Gm2a/Map7/Piga",10
"GO:0014856","skeletal muscle cell proliferation","5/801","27/25730",0.185185185185185,5.94858279003098,4.61154124352115,0.00131865056949352,0.0352309032588594,0.029149117851962,"Ppard/Dsn1/Selenon/Paxbp1/Hgf",5
"GO:0060055","angiogenesis involved in wound healing","5/801","27/25730",0.185185185185185,5.94858279003098,4.61154124352115,0.00131865056949352,0.0352309032588594,0.029149117851962,"Mcam/Gpr4/Xbp1/Slc12a2/Alox5",5
"GO:0006111","regulation of gluconeogenesis","8/801","69/25730",0.115942028985507,3.72433009462809,4.06183958438662,0.0013329904527688,0.0354215192746563,0.0293068285035484,"Ogt/Dgat2/Prkag2/Sesn2/Prkag1/Acadm/Foxo1/Prkaca",8
"GO:0046034","ATP metabolic process","18/801","259/25730",0.0694980694980695,2.2324411088456,3.57329064935353,0.00134572510227558,0.0355676591547673,0.0294277407764167,"Tgfb1/Ogt/Bcl2l13/Adpgk/Selenon/Prkag2/Prxl2c/Atp7a/Prkag1/Hdac4/Pfkfb4/Galt/Pfkfb2/mt-Nd2/Khk/mt-Nd5/Xpo4/Prkaca",18
"GO:0007611","learning or memory","23/801","369/25730",0.0623306233062331,2.00220591469335,3.47585971635025,0.0013737938334525,0.036115350188516,0.0298808858567997,"Aph1c/Cx3cr1/Srf/Ptgs2/Synj1/Prkcg/Prkar2b/Zzef1/Il1b/Ncam1/Rogdi/Itga8/Atp1a3/Gm2a/Eif4ebp2/Cdk5/Ric8a/Nrgn/Ptgs1/Man2b1/Nr4a2/Ahr/Cacna1e",23
"GO:1903170","negative regulation of calcium ion transmembrane transport","6/801","40/25730",0.15,4.81835205992509,4.3321072010273,0.00138908730387446,0.0363231552438662,0.0300528182652347,"Tgfb1/Fbxo11/Gnb5/Ppp3r1/Cbarp/Ahr",6
"GO:0050796","regulation of insulin secretion","17/801","239/25730",0.0711297071129707,2.28485313859767,3.57712639969847,0.00140991829362656,0.0366727954045936,0.0303421012897413,"Trpm2/Ppard/Prkcb/Il1b/Arrb1/Stim1/Pfkfb2/Pde3b/Bmal1/C2cd2l/Gpld1/Alox5/Per2/Foxo1/Gpr27/Prkaca/Cacna1e",17
"GO:0009205","purine ribonucleoside triphosphate metabolic process","19/801","282/25730",0.0673758865248227,2.16427161084106,3.52393035567473,0.00144054689558773,0.0372722554668908,0.0308380786955733,"Tgfb1/Ogt/Bcl2l13/Adpgk/Selenon/Prkag2/Prxl2c/Atp7a/Prkag1/Hdac4/Pfkfb4/Galt/Pfkfb2/mt-Nd2/Khk/mt-Nd5/Rab23/Xpo4/Prkaca",19
"GO:0006665","sphingolipid metabolic process","13/801","159/25730",0.0817610062893082,2.62635542050424,3.6873592363576,0.00146049075972263,0.0375904323287772,0.0311013298185078,"Pnpla1/St3gal1/Elovl5/B4galt3/St8sia4/Abca2/Galc/B4galt6/Smpd5/Gm2a/P2rx1/Map7/B3gnt5",13
"GO:0090276","regulation of peptide hormone secretion","19/801","283/25730",0.0671378091872792,2.1566240079759,3.50705363881374,0.00150049112601419,0.0384188248723216,0.0317867199063532,"Trpm2/Rab8b/Itsn1/Ppard/Prkcb/Il1b/Arrb1/Stim1/Pfkfb2/Pde3b/Bmal1/C2cd2l/Gpld1/Alox5/Per2/Foxo1/Gpr27/Prkaca/Cacna1e",19
"GO:0090207","regulation of triglyceride metabolic process","7/801","55/25730",0.127272727272727,4.0882987175122,4.10980013829495,0.00152705530789745,0.0387894817937321,0.0320933916429662,"Pik3cg/Dgat2/Sorl1/Dgat1/Cd36/Gpld1/Daglb",7
"GO:0120032","regulation of plasma membrane bounded cell projection assembly","16/801","220/25730",0.0727272727272727,2.33617069572126,3.56774114252757,0.0015307484678568,0.0387894817937321,0.0320933916429662,"Trpm2/Klf5/Stap1/Syne2/Fnbp1l/Srf/Rapgef6/Lima1/Atp7a/Ppp1r16b/Hdac4/Stk26/Septin9/Atmin/Dbn1/Ift140",16
"GO:0043269","regulation of monoatomic ion transport","28/801","488/25730",0.0573770491803279,1.84308548740304,3.37050461473953,0.00154588089204549,0.0389720536681827,0.0322444467846897,"Tgfb1/Pik3cg/Cracr2a/Pde4b/Ptgs2/Kcnj2/Fbxo11/Selenon/Kcng3/Wnk1/Stim2/Atp7a/Epb41/Stim1/Scn2b/Ace/Slc9a6/Akap5/Nfatc3/Nedd4l/P2rx1/Gpd1l/Gnb5/Scn1b/Tspan13/Ppp3r1/Cbarp/Ahr",28
"GO:0006691","leukotriene metabolic process","5/801","28/25730",0.178571428571429,5.73613340467273,4.49463848015143,0.00156461874889124,0.0390439886779155,0.0323039639097823,"Alox5ap/Abcc10/Lta4h/Alox12/Alox5",5
"GO:0098719","sodium ion import across plasma membrane","5/801","28/25730",0.178571428571429,5.73613340467273,4.49463848015143,0.00156461874889124,0.0390439886779155,0.0323039639097823,"Slc9a9/Slc12a2/Slc9a6/Nedd4l/Scnn1a",5
"GO:1903037","regulation of leukocyte cell-cell adhesion","24/801","396/25730",0.0606060606060606,1.94680891310105,3.40355936695414,0.00159275671331477,0.0391862138741727,0.0324216372767341,"Nr4a3/Tgfb1/Zfp608/H2-Ob/Il23a/Lrrc32/Icosl/Cd6/Smarca2/Blm/Ets1/Cd44/Xbp1/Itgal/Zbtb1/Cd80/Il1b/Wnk1/Gpr65/Sirpb1b/Cd244a/Alox5/Itga4/H2-Eb1",24
"GO:0042886","amide transport","25/801","419/25730",0.0596658711217184,1.91660782017705,3.39087047205915,0.0015941931277709,0.0391862138741727,0.0324216372767341,"Trpm2/Rab8b/Aqp9/Itsn1/Ppard/Prkcb/Il1b/Arrb1/Dgat1/Abca2/Slc15a2/Stim1/Abca1/Pfkfb2/Pde3b/Bmal1/C2cd2l/Gpld1/Alox5/Per2/Slc25a16/Foxo1/Gpr27/Prkaca/Cacna1e",25
"GO:0010896","regulation of triglyceride catabolic process","4/801","17/25730",0.235294117647059,7.55819930968642,4.84850647182522,0.00160473349297461,0.0391862138741727,0.0324216372767341,"Pik3cg/Sorl1/Gpld1/Daglb",4
"GO:1904063","negative regulation of cation transmembrane transport","8/801","71/25730",0.112676056338028,3.61941938773716,3.96177339642957,0.00160648274809958,0.0391862138741727,0.0324216372767341,"Tgfb1/Fbxo11/Atp7a/Nedd4l/Gnb5/Ppp3r1/Cbarp/Ahr",8
"GO:0050708","regulation of protein secretion","22/801","351/25730",0.0626780626780627,2.01336648277972,3.42655828870544,0.00161111298809704,0.0391862138741727,0.0324216372767341,"Tgfb1/Apbb3/Trpm2/Ahi1/Ppard/Prkcb/Il1b/Arrb1/Slc12a2/Stim1/Pfkfb2/Pde3b/Bmal1/C2cd2l/Gpld1/Alox5/Per2/Foxo1/Gpr27/Prkaca/Arfip1/Cacna1e",22
"GO:0015980","energy derivation by oxidation of organic compounds","27/801","466/25730",0.0579399141630901,1.86116603173072,3.36282351560989,0.00161814512132975,0.0391862138741727,0.0324216372767341,"Nr4a3/Cs/Ogt/Bcl2l13/Adpgk/Selenon/Ppp1r3d/Pgm2/Prkag2/Prxl2c/Atp7a/Cd36/Prkag1/Hdac4/Pfkfb4/Nfatc3/Galt/Pfkfb2/mt-Nd2/Khk/Wipi1/Pink1/Per2/Acadm/mt-Nd5/Xpo4/Prkaca",27
"GO:0060485","mesenchyme development","21/801","329/25730",0.0638297872340425,2.05036257869153,3.43705961695966,0.00163109090713828,0.0392634434396167,0.0324855349772341,"Tgfb1/Akna/Ldlrad4/Lrg1/Ankrd11/Fbxo11/Bcl9l/Dab2ip/Snai1/Il1b/Sema4b/Ncam1/Tbx2/Gcnt2/Rflnb/Sema6b/Zfp64/Sema3c/Tgfbr3/Itga4/Ppp3r1",21
"GO:0009141","nucleoside triphosphate metabolic process","20/801","307/25730",0.0651465798045603,2.09266104665585,3.45236362799103,0.00163730795466262,0.0392634434396167,0.0324855349772341,"Tgfb1/Ogt/Bcl2l13/Adpgk/Uck2/Selenon/Prkag2/Prxl2c/Atp7a/Prkag1/Hdac4/Pfkfb4/Galt/Pfkfb2/mt-Nd2/Khk/mt-Nd5/Rab23/Xpo4/Prkaca",20
"GO:0033157","regulation of intracellular protein transport","14/801","181/25730",0.0773480662983425,2.48460143053228,3.59283681089693,0.00165943992518945,0.0394600913221674,0.0326482362358903,"Tgfb1/Lcp1/Ptgs2/Xbp1/Sorl1/Nup58/Cd36/Akap5/Ubac2/Mapk14/Cdk5/Rab23/Xpo4/Prkaca",14
"GO:0002064","epithelial cell development","18/801","264/25730",0.0681818181818182,2.19016002723868,3.48419327954953,0.00166451492397873,0.0394600913221674,0.0326482362358903,"Tgfb1/Ccdc88c/Klf5/Met/Fosl2/Myadm/Gpr4/Rapgef1/Xbp1/Asxl1/Tjp2/Frmd6/Il1b/Ppp1r16b/Atrx/Bmal1/Map7/Dnase1l2",18
"GO:0071216","cellular response to biotic stimulus","22/801","352/25730",0.0625,2.00764669163546,3.41213496636154,0.00166958889239439,0.0394600913221674,0.0326482362358903,"Paf1/Pde4b/Cx3cr1/Ogt/Nfkb1/Cd6/Stap1/Clec7a/Bcr/Ppard/Cd300lb/Xbp1/Dab2ip/Cd80/Il1b/Cd36/Slc12a2/Abca1/Mapk14/Ppbp/Plscr1/Ahr",22
"GO:0042692","muscle cell differentiation","28/801","491/25730",0.0570264765784114,1.83182427261239,3.33588865133568,0.00169006642793896,0.0397529500466409,0.0328905398013405,"Tgfb1/Klf5/Met/Smarca2/Srf/Spag9/Supt6/Svil/Popdc2/Akap13/Xbp1/Selenon/Mamstr/Pi16/Sort1/Mybph/Eif5a/Tbx2/Stim1/Hdac4/Itga8/Nfatc3/Mapk14/Npnt/Tmem119/Myl9/Acadm/Cntnap1",28
"GO:0035592","establishment of protein localization to extracellular region","27/801","468/25730",0.0576923076923077,1.85321233074042,3.33903881179904,0.00171960159538034,0.0402550544899513,0.0333059677421035,"Tgfb1/Apbb3/Trpm2/Lrrc32/Ahi1/Ppard/Prkcb/Tango6/Il1b/Arrb1/Dgat1/Slc12a2/Stim1/Abca1/Akap5/Pfkfb2/Pde3b/Bmal1/C2cd2l/Gpld1/Alox5/Per2/Foxo1/Gpr27/Prkaca/Arfip1/Cacna1e",27
"GO:0006690","icosanoid metabolic process","13/801","162/25730",0.0802469135802469,2.57771920901342,3.61088888437218,0.00172782669563134,0.0402559053825766,0.0333066717481641,"Ptgs2/Il1b/Acox1/Alox5ap/Abcc10/Lta4h/Alox12/Alox5/Hpgd/Ptgs1/Cyp2f2/Ahr/Daglb",13
"GO:0060491","regulation of cell projection assembly","16/801","223/25730",0.0717488789237668,2.30474239039765,3.50770285131151,0.00175891819327917,0.0405958165221171,0.0335879052377758,"Trpm2/Klf5/Stap1/Syne2/Fnbp1l/Srf/Rapgef6/Lima1/Atp7a/Ppp1r16b/Hdac4/Stk26/Septin9/Atmin/Dbn1/Ift140",16
"GO:1901568","fatty acid derivative metabolic process","8/801","72/25730",0.111111111111111,3.56914967401859,3.91308729773222,0.0017589318387329,0.0405958165221171,0.0335879052377758,"Dgat2/Elovl5/Pam/Dgat1/Acox1/Alox12/Alox5/Hpgd",8
"GO:0032496","response to lipopolysaccharide","26/801","446/25730",0.0582959641255605,1.87260319219809,3.33224264972859,0.00179690331677263,0.0411666072413321,0.0340601623871584,"Paf1/Pde4b/Cx3cr1/Ogt/Nfkb1/Cd6/Stap1/Fosl2/Bcr/Ptgs2/Ppard/Cd300lb/Xbp1/Ptger2/Mapkapk3/Dab2ip/Cd80/Il1b/Cd36/Slc12a2/Ace/Abca1/Mapk14/Hpgd/Ppbp/Plscr1",26
"GO:0099149","regulation of postsynaptic neurotransmitter receptor internalization","6/801","42/25730",0.142857142857143,4.58890672373818,4.17250583554577,0.001801149927617,0.0411666072413321,0.0340601623871584,"Synj1/Tamalin/Hip1/Akap5/Nedd4l/Ppp3r1",6
"GO:0006814","sodium ion transport","18/801","266/25730",0.0676691729323308,2.17369265861282,3.44911104122603,0.00180878502118139,0.0411666072413321,0.0340601623871584,"Tgfb1/Trpm2/Slc38a1/Wnk1/Slc9a9/Slc12a2/Scn2b/Slc9a6/Nedd4l/Atp1a3/Pon3/Gpd1l/Slc41a1/Scn1b/Scnn1a/Slc5a3/Tpcn1/Slc41a3",18
"GO:0046328","regulation of JNK cascade","13/801","163/25730",0.0797546012269939,2.56190498073727,3.58578139088385,0.00182545381116771,0.0411758413515927,0.0340678024458383,"Map3k5/Igf1r/Cracr2a/Ccdc88c/Traf4/Zmynd11/Lmnb1/Rapgef1/Men1/Dab2ip/Map4k2/Il1b/Card9",13
"GO:0002791","regulation of peptide secretion","19/801","288/25730",0.0659722222222222,2.11918261894854,3.42370911724779,0.00183296417230692,0.0411758413515927,0.0340678024458383,"Trpm2/Rab8b/Itsn1/Ppard/Prkcb/Il1b/Arrb1/Stim1/Pfkfb2/Pde3b/Bmal1/C2cd2l/Gpld1/Alox5/Per2/Foxo1/Gpr27/Prkaca/Cacna1e",19
"GO:0071674","mononuclear cell migration","16/801","224/25730",0.0714285714285714,2.29445336186909,3.48790399155022,0.0018410363003509,0.0411758413515927,0.0340678024458383,"Tgfb1/Trpm2/Cx3cr1/Ptprj/Stap1/Bcr/Jaml/Itgal/Trem1/Nlrp12/Retnlg/Wnk1/Slc12a2/Mtus1/Alox5/Itga4",16
"GO:0001573","ganglioside metabolic process","5/801","29/25730",0.172413793103448,5.53833570106333,4.38324643646586,0.00184269428343173,0.0411758413515927,0.0340678024458383,"St3gal1/St8sia4/Abca2/B4galt6/Gm2a",5
"GO:0010717","regulation of epithelial to mesenchymal transition","10/801","107/25730",0.0934579439252336,3.00208851085676,3.71993590234014,0.00187640364531931,0.0417393679655643,0.0345340494666054,"Tgfb1/Ldlrad4/Lrg1/Fbxo11/Bcl9l/Dab2ip/Snai1/Il1b/Gcnt2/Tgfbr3",10
"GO:0050994","regulation of lipid catabolic process","8/801","73/25730",0.10958904109589,3.52025721273066,3.86525937337033,0.00192257943880906,0.0424934473776998,0.0351579548343608,"Pik3cg/Sorl1/Il1b/Crtc3/Pde3b/Gpld1/Hpgd/Daglb",8
"GO:0031623","receptor internalization","13/801","164/25730",0.0792682926829268,2.5462836089035,3.56086055403096,0.00192759128666132,0.0424934473776998,0.0351579548343608,"Ahi1/Ache/Synj1/Ankrd13a/Tamalin/Ramp1/Hip1/Arrb1/Cd36/Ankrd13d/Akap5/Nedd4l/Ppp3r1",13
"GO:0046626","regulation of insulin receptor signaling pathway","9/801","90/25730",0.1,3.21223470661673,3.7685018125331,0.0019574162112494,0.0427427810961695,0.0353642469606439,"Ogt/Ptprj/Prkcb/Sorl1/Ptpre/Il1b/Pip4k2a/Sesn3/Nucks1",9
"GO:0030282","bone mineralization","12/801","145/25730",0.0827586206896552,2.6584011365104,3.58968350900133,0.00197711443618542,0.0427427810961695,0.0353642469606439,"Adgrv1/Ifitm5/Fosl2/Ptgs2/Rogdi/Runx2/Rflnb/Bmp2k/Alox5/Tmem119/Phospho1/Mtss1",12
"GO:0071222","cellular response to lipopolysaccharide","20/801","312/25730",0.0641025641025641,2.0591248119338,3.37387535849309,0.00197914512494015,0.0427427810961695,0.0353642469606439,"Paf1/Pde4b/Cx3cr1/Ogt/Nfkb1/Cd6/Stap1/Bcr/Ppard/Cd300lb/Xbp1/Dab2ip/Cd80/Il1b/Cd36/Slc12a2/Abca1/Mapk14/Ppbp/Plscr1",20
"GO:0009144","purine nucleoside triphosphate metabolic process","19/801","290/25730",0.0655172413793104,2.10456756640406,3.3908456007742,0.00198237471316653,0.0427427810961695,0.0353642469606439,"Tgfb1/Ogt/Bcl2l13/Adpgk/Selenon/Prkag2/Prxl2c/Atp7a/Prkag1/Hdac4/Pfkfb4/Galt/Pfkfb2/mt-Nd2/Khk/mt-Nd5/Rab23/Xpo4/Prkaca",19
"GO:0090087","regulation of peptide transport","19/801","290/25730",0.0655172413793104,2.10456756640406,3.3908456007742,0.00198237471316653,0.0427427810961695,0.0353642469606439,"Trpm2/Rab8b/Itsn1/Ppard/Prkcb/Il1b/Arrb1/Stim1/Pfkfb2/Pde3b/Bmal1/C2cd2l/Gpld1/Alox5/Per2/Foxo1/Gpr27/Prkaca/Cacna1e",19
"GO:0003012","muscle system process","27/801","473/25730",0.0570824524312896,1.83362234838587,3.28007912280282,0.00199748354233618,0.0428804763935574,0.0354781724090415,"Nr4a3/Pde4b/Rcsd1/Met/Srf/Ptgs2/Kcnj2/Akap13/Bbs2/Selenon/Pi16/Adra2b/Tbx2/Scn2b/Nup155/Hdac4/Nfatc3/Nedd4l/Atp1a3/Npnt/P2rx1/Gpd1l/Camk2g/Scn1b/Dbn1/Ptgs1/Foxo1",27
"GO:0006913","nucleocytoplasmic transport","23/801","381/25730",0.0603674540682415,1.93914431108096,3.31047023142883,0.00207295916985203,0.0437822917562312,0.0362243105961367,"Tgfb1/Ptgs2/Tmco6/Akap13/Xbp1/Nup58/Ncbp1/Wnk1/Cdkn1b/Cd36/Nup155/Prkag1/Akap5/Nfatc3/Bmal1/Mapk14/Thoc2l/Cdk5/Rab23/Ppp3r1/Xpo4/Prkaca/Stradb",23
"GO:0051169","nuclear transport","23/801","381/25730",0.0603674540682415,1.93914431108096,3.31047023142883,0.00207295916985203,0.0437822917562312,0.0362243105961367,"Tgfb1/Ptgs2/Tmco6/Akap13/Xbp1/Nup58/Ncbp1/Wnk1/Cdkn1b/Cd36/Nup155/Prkag1/Akap5/Nfatc3/Bmal1/Mapk14/Thoc2l/Cdk5/Rab23/Ppp3r1/Xpo4/Prkaca/Stradb",23
"GO:0046822","regulation of nucleocytoplasmic transport","12/801","146/25730",0.0821917808219178,2.640192909548,3.56256188807508,0.00209471003838381,0.0437822917562312,0.0362243105961367,"Tgfb1/Ptgs2/Xbp1/Nup58/Wnk1/Cd36/Akap5/Mapk14/Cdk5/Rab23/Xpo4/Prkaca",12
"GO:1902749","regulation of cell cycle G2/M phase transition","11/801","127/25730",0.0866141732283465,2.78225053329008,3.6091129049368,0.00209590535183101,0.0437822917562312,0.0362243105961367,"Blm/Donson/Mta3/Lmnb1/Foxn3/Gpr132/Pbx1/Pabir1/Atad5/Gtpbp4/Rad51c",11
"GO:0034766","negative regulation of monoatomic ion transmembrane transport","8/801","74/25730",0.108108108108108,3.47268616931538,3.81826150301248,0.00209798917208844,0.0437822917562312,0.0362243105961367,"Tgfb1/Fbxo11/Atp7a/Nedd4l/Gnb5/Ppp3r1/Cbarp/Ahr",8
"GO:0045806","negative regulation of endocytosis","8/801","74/25730",0.108108108108108,3.47268616931538,3.81826150301248,0.00209798917208844,0.0437822917562312,0.0362243105961367,"Tgfb1/Mctp1/Ankrd13a/Abca2/Ankrd13d/Sirpb1b/Unc119/Plscr1",8
"GO:0050766","positive regulation of phagocytosis","9/801","91/25730",0.0989010989010989,3.17693542412644,3.7289879861609,0.00211356982042352,0.0437822917562312,0.0362243105961367,"Ptprj/Stap1/Clec7a/Bcr/Rapgef1/Cfp/Cd36/Camk1d/Prkaca",9
"GO:0031400","negative regulation of protein modification process","13/801","166/25730",0.0783132530120482,2.51560549313358,3.51156808251211,0.00214602647517964,0.0437822917562312,0.0362243105961367,"Ogt/Ptprj/Niban1/Dcun1d3/Dnajb2/Prkcg/Wnk1/Arrb1/Fry/Gtpbp4/Per2/Hmg20a/Cdk5",13
"GO:0097530","granulocyte migration","13/801","166/25730",0.0783132530120482,2.51560549313358,3.51156808251211,0.00214602647517964,0.0437822917562312,0.0362243105961367,"Vav3/Il23a/Pde4b/Ptprj/Jaml/Trem1/Il1b/Il17ra/Prex1/Camk1d/Ccl22/Gbf1/Ppbp",13
"GO:0030148","sphingolipid biosynthetic process","10/801","109/25730",0.091743119266055,2.947004317997,3.6513831588795,0.00215436599991684,0.0437822917562312,0.0362243105961367,"Pnpla1/St3gal1/Elovl5/B4galt3/St8sia4/Abca2/B4galt6/Smpd5/P2rx1/B3gnt5",10
"GO:0036010","protein localization to endosome","5/801","30/25730",0.166666666666667,5.35372451102788,4.27691179148375,0.00215527148189747,0.0437822917562312,0.0362243105961367,"Rcsd1/Ankrd13a/Sorl1/Abhd17c/Washc2",5
"GO:0090208","positive regulation of triglyceride metabolic process","5/801","30/25730",0.166666666666667,5.35372451102788,4.27691179148375,0.00215527148189747,0.0437822917562312,0.0362243105961367,"Dgat2/Dgat1/Cd36/Gpld1/Daglb",5
"GO:0141162","negative regulation of cAMP/PKA signal transduction","5/801","30/25730",0.166666666666667,5.35372451102788,4.27691179148375,0.00215527148189747,0.0437822917562312,0.0362243105961367,"Pde7b/Pde4b/Prkar2b/Prkar2a/Pde3b",5
"GO:1903320","regulation of protein modification by small protein conjugation or removal","16/801","228/25730",0.0701754385964912,2.254199794117,3.40974821475328,0.0022023182450779,0.044553895032111,0.0368627147454235,"Ogt/Ubxn2a/Dcun1d3/Dnajb2/Prkcg/Wnk1/Arrb1/Dcun1d4/Hdac4/Cd300ld3/Huwe1/Gtpbp4/Pink1/Per2/Hmg20a/Cdk5",16
"GO:0006936","muscle contraction","21/801","338/25730",0.0621301775147929,1.99576712541276,3.30326155152018,0.00225768641738344,0.0454868296223648,0.0376346001586265,"Pde4b/Rcsd1/Met/Srf/Ptgs2/Kcnj2/Bbs2/Selenon/Adra2b/Tbx2/Scn2b/Nup155/Hdac4/Nedd4l/Atp1a3/Npnt/P2rx1/Gpd1l/Scn1b/Dbn1/Ptgs1",21
"GO:0086002","cardiac muscle cell action potential involved in contraction","6/801","44/25730",0.136363636363636,4.38032005447736,4.0226403337972,0.00229971416340321,0.0459106801424711,0.0379852828723627,"Kcnj2/Scn2b/Nup155/Nedd4l/Gpd1l/Scn1b",6
"GO:1900744","regulation of p38MAPK cascade","6/801","44/25730",0.136363636363636,4.38032005447736,4.0226403337972,0.00229971416340321,0.0459106801424711,0.0379852828723627,"Map3k5/Met/Dab2ip/Il1b/Map3k3/Hgf",6
"GO:0031098","stress-activated protein kinase signaling cascade","7/801","59/25730",0.11864406779661,3.81112592310459,3.87489728907127,0.00230674084523807,0.0459106801424711,0.0379852828723627,"Map3k5/Klhdc10/Clec7a/Il1b/Card9/Mapk14/Foxo1",7
"GO:0014902","myotube differentiation","12/801","148/25730",0.0810810810810811,2.60451462698654,3.50899358022329,0.0023470812026859,0.0465252064209834,0.0384937256671406,"Klf5/Met/Xbp1/Selenon/Mamstr/Sort1/Stim1/Hdac4/Nfatc3/Mapk14/Tmem119/Cntnap1",12
"GO:1904659","D-glucose transmembrane transport","11/801","129/25730",0.0852713178294574,2.73911486610729,3.54952255808028,0.0023710889873064,0.0468123432192702,0.0387312950621515,"Nr4a3/Crebl2/Met/Ahi1/Prkcb/Slc2a3/Sort1/Il1b/Sesn2/Ace/Mapk14",11
"GO:0009743","response to carbohydrate","19/801","295/25730",0.064406779661017,2.06889692968535,3.30983427763359,0.00240147098208966,0.0472225253918111,0.039070668946503,"Tgfb1/Igf1r/Ogt/Nfkb1/Srf/Ppard/Prkcb/Xbp1/Il1b/Arrb1/Sesn2/Pfkfb2/Khk/Pde3b/C2cd2l/Gpld1/Gpr27/Prkaca/Cacna1e",19
"GO:0040013","negative regulation of locomotion","22/801","363/25730",0.0606060606060606,1.94680891310105,3.25653971110845,0.00244179810933639,0.047824221137441,0.039568496097613,"Tgfb1/Ifitm1/Cx3cr1/Ldlrad4/Ogt/Ptprj/Stap1/Mctp1/Srf/Bcr/Ppard/Arap3/Lima1/Dab2ip/Dll4/Card10/Arrdc3/Stk26/Gtpbp4/Dbn1/Hdac6/Tgfbr3",22
"GO:0017015","regulation of transforming growth factor beta receptor signaling pathway","12/801","149/25730",0.0805369127516778,2.58703466304703,3.48253965648866,0.00248226203634669,0.0481400257365349,0.0398297844730356,"Lrrc32/Ldlrad4/Ogt/Lrg1/Xbp1/Men1/Bcl9l/Itga8/Chst11/Npnt/Tgfbr3/Rasl11b",12
"GO:1903830","magnesium ion transmembrane transport","4/801","19/25730",0.210526315789474,6.76259938235101,4.50413114669474,0.00248729994651746,0.0481400257365349,0.0398297844730356,"Cnnm2/Slc41a1/Slc41a3/Mmgt1",4
"GO:2000369","regulation of clathrin-dependent endocytosis","4/801","19/25730",0.210526315789474,6.76259938235101,4.50413114669474,0.00248729994651746,0.0481400257365349,0.0398297844730356,"Hip1r/Tnk2/Unc119/Bmp2k",4
"GO:0071875","adrenergic receptor signaling pathway","5/801","31/25730",0.161290322580645,5.18102372034956,4.17523235098316,0.00250476665776954,0.0482093338755292,0.0398871281947336,"Pde4b/Akap13/Adra2b/Crtc3/Arrdc3",5
"GO:0031334","positive regulation of protein-containing complex assembly","16/801","231/25730",0.0692640692640693,2.22492447211548,3.35219295841084,0.00251049419693561,0.0482093338755292,0.0398871281947336,"Tgfb1/Asap1/Rasip1/Lcp1/Met/Clec7a/Hip1r/Dab2ip/Cdkn1b/Mpp7/Cd36/Abca1/Clip1/Snx9/Hdac6/Ahr",16
"GO:1901987","regulation of cell cycle phase transition","26/801","458/25730",0.0567685589519651,1.8235393531012,3.18766425281355,0.00258019444684816,0.0493550035046909,0.0408350249544185,"Tgfb1/Apbb3/Paf1/Rbl2/Smarca2/Blm/Donson/Mta3/Dcun1d3/Lmnb1/Foxn3/Gpr132/Men1/Pbx1/Pabir1/Tbx2/Cdkn1b/Ik/Fbxo31/Atad5/Gtpbp4/Tfdp1/Mapk14/Rad51c/Cdk5/Jade1",26
"GO:0045786","negative regulation of cell cycle","23/801","388/25730",0.0592783505154639,1.90415974876765,3.21673934811043,0.00260613961715368,0.0496580711547576,0.0410857751149809,"Tgfb1/Apbb3/Rbl2/Blm/Ptgs2/Donson/Ets1/Dcun1d3/Foxn3/Gpr132/Men1/Dab2ip/Pabir1/Cdkn1b/Ik/Fbxo31/Atrx/Gtpbp4/Mapk14/Cdk5/Hpgd/Jade1/Prkaca",23
"GO:0030278","regulation of ossification","12/801","150/25730",0.08,2.56978776529338,3.45630119988408,0.00262371639955151,0.049768675896697,0.0411772865540742,"Tgfb1/Adgrv1/Ifitm5/Chsy1/Pbx1/Runx2/Rflnb/Bmp2k/Mapk14/Alox5/Tmem119/Phospho1",12
"GO:0071322","cellular response to carbohydrate stimulus","15/801","211/25730",0.0710900473933649,2.28357917531995,3.35588714049002,0.00263499987523324,0.049768675896697,0.0411772865540742,"Tgfb1/Igf1r/Ogt/Nfkb1/Srf/Ppard/Prkcb/Xbp1/Arrb1/Pde3b/C2cd2l/Gpld1/Gpr27/Prkaca/Cacna1e",15
"GO:0019229","regulation of vasoconstriction","9/801","94/25730",0.0957446808510638,3.07554386803729,3.61364923711043,0.00264231578702968,0.049768675896697,0.0411772865540742,"Ptgs2/Adra2b/Ace/Alox5/Per2/P2rx1/Ptgs1/Itga4/Ahr",9
