"ID","Description","setSize","enrichmentScore","NES","pvalue","p.adjust","qvalue","rank","leading_edge","core_enrichment"
"GO:0035456","response to interferon-beta",64,0.784666209224354,2.90930640105118,1e-10,4.20058651670986e-08,3.79695700592992e-08,1072,"tags=66%, list=11%, signal=59%","100702/142980/545384/432555/623121/60440/21822/15959/102639543/236312/240327/69550/620913/100039796/226695/381308/100033459/55932/319278/15953/14469/23960/15957/226691/246730/100040462/15950/15944/66141/327959/16145/71701/15951/667214/64704/72935/94088/114643/56489/229900/54396/72512"
"GO:0035458","cellular response to interferon-beta",55,0.799580963089865,2.8756246383175,1e-10,4.20058651670986e-08,3.79695700592992e-08,1072,"tags=67%, list=11%, signal=60%","100702/142980/545384/432555/623121/60440/21822/15959/102639543/236312/240327/620913/100039796/226695/381308/100033459/55932/15953/14469/23960/15957/226691/246730/100040462/15950/15944/16145/71701/15951/667214/64704/72935/94088/114643/229900/54396/72512"
"GO:0001562","response to protozoan",36,0.782321652923636,2.53646286282986,1e-10,4.20058651670986e-08,3.79695700592992e-08,1060,"tags=56%, list=11%, signal=50%","626578/11846/100702/17472/60440/21822/100039796/76074/74481/55932/14469/236573/16145/21939/15900/16193/16153/229900/16160/54396"
"GO:0042832","defense response to protozoan",34,0.78577486012435,2.53144619721657,1e-10,4.20058651670986e-08,3.79695700592992e-08,1060,"tags=59%, list=11%, signal=53%","626578/11846/100702/17472/60440/21822/100039796/76074/74481/55932/14469/236573/16145/21939/15900/16193/16153/229900/16160/54396"
"GO:0051607","defense response to virus",249,0.547170459234059,2.48221410893515,1e-10,4.20058651670986e-08,3.79695700592992e-08,1260,"tags=37%, list=13%, signal=33%","16161/17472/667373/142980/434219/17858/15958/15959/69550/20304/667370/74568/246779/319278/66824/14469/23960/54123/15957/24110/226691/246730/58203/58185/100038882/107569/15944/17454/66141/98999/15587/57444/16145/20821/234311/170743/54445/78416/56213/18854/231655/21939/80861/12362/14190/112419/434341/15945/16193/17329/21849/81897/209200/56045/20128/237886/20847/16363/434218/72935/11810/71956/67775/229898/73945/94088/114643/56417/209387/209590/229900/170742/71586/246728/16160/19106/23962/230073/19260/106759/384309/54396/72512/246727/224647/12909/56532/80285/22670/276950/233912"
"GO:0034341","response to type II interferon",128,0.574355386219178,2.42255479013913,1e-10,4.20058651670986e-08,3.79695700592992e-08,1100,"tags=33%, list=11%, signal=30%","626578/11846/16161/100702/17472/20296/142980/21822/69550/20304/76074/18126/55932/319278/14469/236573/20912/15944/66141/108670/16145/20821/13163/13614/226421/15900/11898/12362/434341/14026/53312/229898/209590/229900/17470/279028/11629/16160/12332/20909/54396/547253"
"GO:0071346","cellular response to type II interferon",106,0.584959957457405,2.38683304665992,1.02766642610639e-10,4.20058651670986e-08,3.79695700592992e-08,1100,"tags=33%, list=11%, signal=30%","626578/11846/16161/100702/17472/20296/142980/20304/76074/18126/55932/14469/236573/20912/15944/108670/16145/13163/13614/226421/15900/11898/12362/434341/14026/229898/229900/17470/279028/11629/16160/12332/20909/54396/547253"
"GO:0009615","response to virus",315,0.511561733191247,2.38154794685038,1e-10,4.20058651670986e-08,3.79695700592992e-08,1260,"tags=33%, list=13%, signal=30%","16161/99899/17472/667373/142980/434219/17858/15958/21822/15959/17857/69550/20304/667370/74568/246779/319278/66824/64685/67963/14469/23960/54123/15957/24110/226691/246730/58203/58185/100038882/107569/15944/17454/66141/98999/15587/57444/16145/20821/234311/170743/54445/78416/56213/18854/231655/21939/80861/12362/14190/112419/434341/15945/16193/17329/21849/81897/209200/56045/18987/20128/237886/16859/20847/16363/434218/72935/11810/71956/12028/76933/67775/16819/629303/229898/73945/94088/114643/56417/209387/209590/56489/229900/170742/11769/71586/246728/16160/19106/17127/23962/230073/19260/106759/384309/54396/72512/246727/224647/12909/56532/80285/22670/276950/233912"
"GO:0042742","defense response to bacterium",182,0.504920834591199,2.22424730459066,1e-10,4.20058651670986e-08,3.79695700592992e-08,1170,"tags=34%, list=12%, signal=30%","626578/100702/14129/17472/74748/60440/18439/76074/18787/93719/18126/107831/12369/55932/14824/66824/14469/23960/236573/27007/246730/100038882/13586/80385/15944/98999/16145/78416/16197/69146/15900/12362/20723/14991/12010/16153/81897/231507/17476/672511/24105/16859/16819/229898/17002/72124/114643/17951/14000/192187/94178/229900/16151/17952/246728/16160/54396/230979/246727/107607/16173"
"GO:0009617","response to bacterium",488,0.430060306112068,2.07981706537417,1e-10,4.20058651670986e-08,3.79695700592992e-08,1170,"tags=27%, list=12%, signal=25%","626578/100702/14129/99899/17472/238393/20296/434219/74748/17858/60440/21822/15959/268567/18439/14962/20210/76074/18787/93719/225845/18126/246779/107831/20364/12369/226695/381308/246256/110454/55932/14824/12774/66824/22259/26362/14469/21355/23960/15957/236573/24110/27007/246730/12257/433470/100038882/327957/13586/22169/20208/80385/16912/15944/98999/17079/108670/16145/13614/78416/16197/20558/69146/18104/15900/11898/80861/12362/20723/27419/14991/434341/15945/12010/16193/15951/16153/17329/109778/12514/81897/231507/17476/212937/672511/20128/24105/16859/236193/30805/16819/12567/212943/229898/17002/72124/217166/67138/94088/110794/114643/17951/14000/192187/209387/209590/20927/94178/54448/14776/229900/17470/279028/12371/16151/17952/109032/246728/16160/16476/19106/67245/19260/106759/54396/230979/246727/63953/70310/17319/27364/107607/16173"
"GO:0002831","regulation of response to biotic stimulus",473,0.420211506230089,2.03560430118553,1e-10,4.20058651670986e-08,3.79695700592992e-08,1228,"tags=25%, list=12%, signal=23%","11846/16161/17472/142980/545384/434219/74748/623121/102639543/236312/18439/20304/246779/226695/215900/381308/100033459/55932/14824/66824/64685/22259/14469/21355/23960/54123/24110/27007/226691/71740/70110/246730/58203/58185/100040462/100038882/327957/22628/15950/15944/98999/17079/16145/20821/234311/170743/54445/56213/54698/18854/69146/231655/226421/16783/80861/12362/20723/14190/27419/30925/14991/434341/100340/15951/81897/209200/212937/56045/231712/12122/53610/20128/16859/20847/16363/72935/12370/71956/229898/17002/73945/21354/69104/217166/94088/114643/56417/13874/209387/209590/94178/56489/13982/229900/170742/71586/16160/67845/19106/77777/67245/230073/19260/106759/384309/54396/72512/213541/547253/246727/63953/17319/19386/107607/224647/230594/67705/80285"
"GO:0045088","regulation of innate immune response",404,0.422580351147674,2.02081113585197,1e-10,4.20058651670986e-08,3.79695700592992e-08,1157,"tags=25%, list=12%, signal=23%","11846/142980/545384/434219/74748/623121/102639543/236312/18439/226695/215900/381308/100033459/55932/14824/66824/64685/22259/14469/21355/23960/54123/24110/27007/226691/71740/70110/246730/58203/58185/100040462/100038882/327957/15950/15944/98999/16145/20821/234311/170743/54445/54698/69146/231655/226421/16783/80861/12362/20723/27419/30925/14991/434341/100340/15951/81897/212937/56045/231712/12122/53610/20128/16859/20847/16363/72935/12370/71956/229898/17002/73945/21354/69104/217166/94088/114643/56417/13874/209387/94178/56489/13982/229900/71586/16160/67845/19106/77777/67245/230073/19260/106759/384309/54396/72512/213541/547253/246727/63953/19386/107607"
"GO:0045824","negative regulation of innate immune response",76,0.63201702057934,2.44209486881588,3.92738076055731e-10,1.37598590218097e-07,1.24376900477198e-07,1143,"tags=42%, list=11%, signal=38%","11846/74748/14824/64685/21355/23960/24110/226691/71740/246730/100038882/15944/16145/20821/80861/20723/434341/100340/56045/231712/16859/20847/21354/114643/56417/94178/54396/213541/547253/246727/63953/19386"
"GO:0002832","negative regulation of response to biotic stimulus",103,0.576855339807194,2.33314584985336,3.83646956597643e-10,1.37598590218097e-07,1.24376900477198e-07,1548,"tags=41%, list=15%, signal=35%","11846/74748/14824/64685/21355/23960/24110/226691/71740/246730/100038882/22628/15944/16145/20821/56213/80861/20723/14190/434341/100340/56045/231712/16859/20847/17002/21354/114643/56417/94178/54396/213541/547253/246727/63953/19386/224647/21672/56335/60533/23825/15170"
"GO:0002833","positive regulation of response to biotic stimulus",359,0.40777752161024,1.9276247308605,1.05510438133979e-09,3.23455436904479e-07,2.9237497725021e-07,1157,"tags=24%, list=12%, signal=22%","11846/142980/545384/434219/623121/102639543/236312/18439/226695/381308/100033459/55932/14824/66824/64685/22259/14469/23960/54123/27007/226691/70110/246730/58203/58185/100040462/327957/22628/15950/15944/98999/17079/16145/234311/170743/54445/54698/69146/231655/226421/16783/80861/12362/27419/30925/14991/434341/100340/15951/81897/212937/12122/53610/20128/16859/16363/72935/71956/229898/17002/73945/69104/217166/94088/114643/13874/209387/56489/13982/229900/71586/16160/67845/19106/77777/67245/230073/19260/106759/384309/54396/72512/246727/17319/19386/107607"
"GO:0031349","positive regulation of defense response",430,0.385732438887592,1.85266665060227,1.0129563648815e-09,3.23455436904479e-07,2.9237497725021e-07,1170,"tags=23%, list=12%, signal=22%","11846/20306/14129/142980/545384/434219/623121/102639543/236312/18439/20304/18787/226695/381308/100033459/55932/14824/12774/66824/64685/22259/13040/14469/23960/54123/27007/226691/70110/246730/58203/58185/100040462/327957/15950/15944/98999/15587/16145/234311/170743/54445/54698/69146/231655/226421/16783/80861/12362/27419/30925/14991/434341/100340/16193/15951/11541/81897/212937/12122/53610/85305/20128/16859/16363/72935/12370/71956/229898/17002/73945/69104/217166/94088/114643/13874/209387/56489/13982/229900/71609/71586/16160/67845/16835/19106/77777/67245/230073/19260/106759/13202/384309/14609/54396/72512/16534/246727/19386/56312/107607/16173"
"GO:0001906","cell killing",144,0.519397741215901,2.21991659178508,1.49892489104937e-09,4.32483917093952e-07,3.90927036600617e-07,1374,"tags=38%, list=14%, signal=33%","11846/14129/20296/71898/18439/14962/246256/55932/12774/14469/21355/27007/71740/80385/18950/18477/16145/16197/54698/16783/15042/20723/14190/30925/14991/15945/12010/15040/17329/15039/20343/16854/12122/16859/12479/229898/17002/21354/110557/22122/69582/229900/16160/77777/54396/50908/16173/50909/56532/57266/55960/13032/14972/15015/15139"
"GO:0001819","positive regulation of cytokine production",386,0.383510836311964,1.82492210541109,1.12754321100672e-08,3.07255524999331e-06,2.77731696184813e-06,1417,"tags=27%, list=14%, signal=24%","16161/14129/17472/20296/142980/18439/20304/12655/18787/18126/246779/73181/217203/20612/12774/66824/27218/23960/54123/27007/226691/246730/58185/100038882/327957/80385/18950/12267/15587/327959/170743/54445/54698/17085/69146/21939/226421/15900/14257/80861/12362/22724/30925/14991/12010/16193/16153/15442/108723/11541/81897/20698/18987/16859/72935/12370/71956/12479/229898/94088/114643/17951/13874/209590/20927/56489/54448/17470/667034/71609/11629/71586/246728/16160/68576/19106/17127/77777/67245/230073/19260/106759/384309/72512/230979/22030/246727/17319/107607/16173/230594/101540/67705/11487/56632/13058/16162/15461/11352/15139/60533/74131/56438/15977"
"GO:0050777","negative regulation of immune response",152,0.488205424520119,2.10287200229687,1.27736246472117e-08,3.29761204708281e-06,2.98074831102802e-06,1556,"tags=35%, list=16%, signal=30%","11846/74748/14824/64685/21355/27218/23960/24110/226691/71740/246730/100038882/22628/15944/435653/16145/20821/22694/16197/80861/20723/14190/22724/434341/100340/16153/56045/16854/231712/16859/20847/21354/114643/56417/19172/94178/14776/15216/16160/54396/230979/213541/547253/246727/63953/19386/56335/235587/60533/15977/23825/15170/213208"
"GO:0002218","activation of innate immune response",296,0.40630823775159,1.87634764547419,1.44988935428867e-08,3.55585364139298e-06,3.21417576855995e-06,1157,"tags=24%, list=12%, signal=22%","142980/545384/434219/623121/102639543/236312/18439/226695/381308/100033459/55932/66824/64685/22259/14469/23960/54123/27007/226691/70110/246730/58203/58185/100040462/327957/15950/15944/98999/16145/234311/170743/54445/69146/231655/226421/80861/12362/27419/100340/15951/81897/212937/53610/20128/16363/72935/71956/229898/17002/73945/69104/217166/114643/209387/56489/13982/229900/71586/67845/19106/67245/230073/19260/106759/384309/54396/72512/246727/19386/107607"
"GO:0060759","regulation of response to cytokine stimulus",132,0.506594439666418,2.14541507670989,2.21417831696394e-08,5.17168792605148e-06,4.67474640152988e-06,1229,"tags=33%, list=12%, signal=30%","11846/20304/66824/26362/23960/54123/24110/246730/58203/11746/100038882/15944/23939/16145/13614/21939/12362/434341/16193/20698/56045/20847/108143/73945/94088/114643/56417/17951/30940/12977/56489/13601/17952/71586/230073/384309/54396/72512/213541/547253/22030/246727/80285/11487"
"GO:0045089","positive regulation of innate immune response",343,0.394083662852952,1.85190280758721,5.14502638760108e-08,1.14710701959924e-05,1.03688282988401e-05,1157,"tags=24%, list=12%, signal=22%","142980/545384/434219/623121/102639543/236312/18439/226695/381308/100033459/55932/66824/64685/22259/14469/23960/54123/27007/226691/70110/246730/58203/58185/100040462/327957/15950/15944/98999/16145/234311/170743/54445/54698/69146/231655/226421/16783/80861/12362/27419/30925/14991/434341/100340/15951/81897/212937/12122/53610/20128/16859/16363/72935/71956/229898/17002/73945/69104/217166/94088/114643/13874/209387/56489/13982/229900/71586/16160/67845/19106/77777/67245/230073/19260/106759/384309/54396/72512/246727/19386/107607"
"GO:0016032","viral process",229,0.42680827754237,1.91750167915212,7.93619751212817e-08,1.69248038247777e-05,1.52985189570178e-05,2152,"tags=37%, list=22%, signal=30%","434219/17858/19288/71223/69550/20304/20612/319278/26362/27218/23960/74735/15957/12642/226691/71740/246730/58185/73711/100038882/66141/98999/15587/57444/73158/20821/231655/13030/22278/18145/68953/30954/21849/16543/20128/67028/229898/17002/94088/114643/56417/17951/209387/229900/23983/71586/246728/13830/16476/19106/244183/23962/230979/17254/246727/27979/55944/76959/17999/20684/67778/52513/75608/15977/23825/80287/66101/20587/319236/93679/67231/270096/69019/20815/268373/18186/66700/16852/14265/667823/72949/107373/76681/16201/23961"
"GO:0001959","regulation of cytokine-mediated signaling pathway",122,0.50673411755032,2.11631626871604,8.90046558751974e-08,1.81903265444935e-05,1.64424390590496e-05,1229,"tags=33%, list=12%, signal=29%","11846/20304/66824/26362/23960/54123/24110/246730/58203/11746/100038882/15944/16145/13614/21939/12362/434341/16193/20698/56045/20847/73945/94088/114643/56417/17951/30940/12977/56489/13601/17952/384309/54396/72512/213541/547253/22030/246727/80285/11487"
"GO:0048525","negative regulation of viral process",63,0.613773139421725,2.27021180427777,9.9892604069639e-08,1.95989289184632e-05,1.77156904564766e-05,1545,"tags=51%, list=15%, signal=43%","17858/19288/69550/20304/319278/23960/74735/15957/12642/226691/246730/58185/100038882/66141/98999/57444/20821/231655/21849/17002/94088/114643/56417/71586/246728/19106/23962/246727/20684/15977/23825/80287"
"GO:0034340","response to type I interferon",68,0.595737856997858,2.24832649151687,1.05763880404711e-07,1.99527628225041e-05,1.80355248690138e-05,1459,"tags=44%, list=15%, signal=38%","17858/319278/23960/54123/24110/12642/246730/58203/100038882/66141/231655/434341/56045/20847/94088/114643/56417/56489/71586/246728/23962/384309/72512/213541/246727/20684/56335/56438/15977/338467"
"GO:0002252","immune effector process",448,0.357935306308922,1.72321481480378,1.16732247396712e-07,2.12063582770693e-05,1.9168663783039e-05,1438,"tags=25%, list=14%, signal=22%","11846/16161/14129/20296/142980/74748/19288/18439/69550/14962/18126/246779/215900/246256/14824/13388/66824/64685/26362/21355/27218/54123/27007/71740/70110/58185/12268/20912/71890/327957/22628/80385/18950/18844/27060/18477/17079/435653/234311/170743/54445/22694/16197/54698/17085/21939/15900/16783/15042/80861/12362/20723/14190/22724/30925/14991/12010/16193/15040/16153/11541/15039/81897/20343/16854/12122/85305/16859/12479/21354/110557/94088/12260/22122/15368/209590/69582/15216/16160/77777/230073/108138/19260/106759/20909/16848/230979/22030/63953/17319/50908/107607/16173/50909/56532/55960/56632/13032/12262/14972/16162/15015/21672/15139/235587/60533/210293/74131/15977/11433/110213"
"GO:0050792","regulation of viral process",118,0.508874457323817,2.11068713762959,1.76477424794741e-07,3.09150631649358e-05,2.79444704223853e-05,2152,"tags=46%, list=22%, signal=36%","434219/17858/19288/69550/20304/319278/26362/23960/74735/15957/12642/226691/246730/58185/100038882/66141/98999/57444/73158/20821/231655/21849/16543/20128/17002/94088/114643/56417/209387/229900/71586/246728/13830/19106/244183/23962/246727/20684/15977/23825/80287/66101/319236/93679/67231/20815/268373/16852/14265/667823/107373/76681/16201/23961"
"GO:0045071","negative regulation of viral genome replication",43,0.659622625110197,2.21829624920149,2.27244403564917e-07,3.8435648258135e-05,3.47424111729738e-05,1545,"tags=60%, list=15%, signal=51%","17858/69550/20304/319278/23960/226691/246730/58185/100038882/66141/98999/57444/231655/21849/17002/94088/114643/56417/71586/246728/19106/23962/246727/15977/23825/80287"
"GO:0002683","negative regulation of immune system process",381,0.372239633582664,1.77216356481434,4.50594428625812e-07,7.36721890803203e-05,6.65931134516463e-05,1438,"tags=26%, list=14%, signal=23%","11846/93695/20296/74748/69550/213233/23886/14824/13388/64685/22259/26362/21355/27218/23960/24110/27007/226691/71740/246730/100038882/237256/22628/15944/435653/16145/20821/22694/20971/16197/54698/17289/226421/14605/16658/80861/16184/20723/14190/22724/434341/100340/16153/12514/20343/56045/16854/231712/13011/20128/12703/16859/20847/107829/17002/73945/21354/69104/217166/104418/114643/56417/15368/19172/94178/11920/14776/17470/69754/15216/107321/72828/16160/67845/16835/67245/19260/54396/230979/15902/213541/547253/246727/63953/17319/19386/12517/22350/57781/12262/21672/56335/15139/235587/60533/15977/11433/110213"
"GO:0050830","defense response to Gram-positive bacterium",64,0.588970716811007,2.1837263492508,5.77129724065135e-07,9.13168160174028e-05,8.25422885488064e-05,1170,"tags=38%, list=12%, signal=33%","626578/100702/17472/18439/76074/93719/55932/66824/14469/236573/27007/13586/78416/16197/69146/12010/17476/17002/72124/14000/229900/230979/107607/16173"
"GO:0019882","antigen processing and presentation",92,0.539085707931793,2.1335023596967,6.22698463964592e-07,9.54479989295726e-05,8.62765108624625e-05,1017,"tags=36%, list=10%, signal=33%","14129/80898/213233/16913/19186/246256/66824/13040/73149/21355/19188/19156/269799/474145/16912/54445/15042/21356/14190/14991/12010/15040/15039/12514/17476/13011/71779/12479/21354/110557/56495/15216/77777"
"GO:0002474","antigen processing and presentation of peptide antigen via MHC class I",35,0.68201246419112,2.19473958316055,1.04883767998481e-06,0.000155895418797742,0.000140915607913748,1352,"tags=60%, list=14%, signal=52%","14129/80898/213233/73149/21355/269799/474145/15042/21356/14991/12010/15040/15039/17476/21354/110557/56495/15216/77777/14972/15015"
"GO:0001909","leukocyte mediated cytotoxicity",99,0.510680002223056,2.06389854017482,1.26125501171296e-06,0.000181954583307414,0.000164470777378793,1352,"tags=37%, list=14%, signal=33%","11846/14129/20296/18439/246256/21355/27007/71740/80385/18950/18477/16197/54698/16783/15042/20723/30925/14991/12010/15040/15039/20343/12122/16859/12479/21354/110557/22122/69582/16160/77777/16173/56532/55960/13032/14972/15015"
"GO:0060338","regulation of type I interferon-mediated signaling pathway",36,0.673785616174283,2.18456460529775,1.59389359299357e-06,0.000211298596584688,0.000190995158284179,1362,"tags=50%, list=14%, signal=43%","23960/54123/24110/246730/58203/100038882/434341/56045/20847/94088/114643/56417/56489/384309/72512/213541/246727/56335"
"GO:0019058","viral life cycle",182,0.427442977266556,1.88294644411156,1.55856481339289e-06,0.000211298596584688,0.000190995158284179,2152,"tags=39%, list=22%, signal=31%","434219/17858/71223/69550/20304/20612/319278/26362/27218/23960/12642/226691/71740/246730/58185/73711/100038882/66141/98999/15587/57444/73158/231655/13030/18145/68953/30954/21849/20128/67028/229898/17002/94088/114643/56417/17951/209387/229900/23983/71586/246728/19106/244183/23962/230979/17254/246727/76959/17999/67778/52513/75608/15977/23825/80287/66101/20587/319236/67231/69019/20815/268373/18186/66700/16852/14265/667823/107373/76681/16201/23961"
"GO:0002443","leukocyte mediated immunity",279,0.378150786041991,1.73831591108726,1.52795470249155e-06,0.000211298596584688,0.000190995158284179,1417,"tags=26%, list=14%, signal=23%","11846/14129/20296/142980/18439/69550/215900/246256/21355/27218/54123/27007/71740/58185/12268/20912/71890/327957/22628/80385/18950/27060/18477/435653/54445/16197/54698/21939/16783/15042/20723/30925/14991/12010/16193/15040/11541/15039/81897/20343/12122/16859/12479/21354/110557/12260/22122/15368/209590/69582/15216/16160/77777/230073/108138/106759/20909/22030/50908/16173/50909/56532/55960/56632/13032/12262/14972/15015/15139/235587/60533/74131/15977"
"GO:0002253","activation of immune response",443,0.340399718333826,1.64064427401302,1.69063143238185e-06,0.000218224925679815,0.00019725594440976,1374,"tags=23%, list=14%, signal=21%","142980/545384/434219/623121/102639543/236312/18439/14962/18126/226695/381308/100033459/55932/66824/64685/22259/14469/23960/54123/27007/226691/70110/246730/58203/58185/12268/12494/100040462/327957/15950/15944/12267/98999/16145/234311/170743/54445/69146/231655/226421/80861/12362/30954/27419/100340/15951/108723/109778/81897/212937/16854/68119/53610/20128/24105/16363/72935/71956/12028/229898/17002/73945/69104/217166/104418/12260/114643/209387/56489/13982/229900/16151/107321/71586/67845/19106/67245/230073/19260/106759/384309/54396/72512/74015/16534/101476/246727/19386/50908/107607/12517/50909/101540/67705/22350/12262/110006/15461/70796/52513/56174/15139"
"GO:0140888","interferon-mediated signaling pathway",79,0.541085093290979,2.09745594109624,1.90509830353928e-06,0.000233612679471504,0.000211165106697564,1459,"tags=41%, list=15%, signal=35%","11846/23960/54123/24110/246730/58203/100038882/15944/66141/16145/231655/434341/56045/20847/94088/114643/56417/56489/71586/246728/23962/384309/54396/72512/213541/547253/246727/80285/56335/56438/15977/338467"
"GO:0002703","regulation of leukocyte mediated immunity",188,0.424138727141757,1.87000854412883,1.88867526861797e-06,0.000233612679471504,0.000211165106697564,1417,"tags=28%, list=14%, signal=25%","11846/14129/20296/142980/18439/69550/215900/21355/27218/27007/71740/58185/71890/327957/22628/18950/16197/54698/21939/16783/15042/20723/30925/14991/12010/16193/15040/11541/15039/81897/20343/12122/16859/12479/21354/110557/15368/15216/16160/77777/230073/106759/20909/22030/16173/56532/56632/14972/15015/235587/60533/74131/15977"
"GO:0002449","lymphocyte mediated immunity",204,0.414665525174573,1.84476445055798,2.8403920510026e-06,0.000339807878296775,0.000307156131420358,1417,"tags=28%, list=14%, signal=25%","11846/14129/18439/215900/246256/21355/27218/54123/27007/71740/58185/12268/71890/22628/18950/27060/18477/435653/54445/16197/54698/21939/16783/15042/20723/30925/14991/12010/16193/15040/15039/12122/16859/12479/21354/110557/12260/22122/69582/15216/16160/77777/108138/22030/50908/16173/50909/56532/55960/13032/12262/14972/15015/15139/235587/60533/74131/15977"
"GO:1903900","regulation of viral life cycle",91,0.519316689908132,2.05511813577224,3.61596634047841e-06,0.000422293211905872,0.000381715544513661,2152,"tags=49%, list=22%, signal=39%","434219/17858/69550/20304/319278/26362/23960/12642/226691/246730/58185/100038882/66141/98999/57444/73158/231655/21849/20128/17002/94088/114643/56417/209387/229900/71586/246728/19106/244183/23962/246727/15977/23825/80287/66101/319236/20815/268373/16852/14265/667823/107373/76681/16201/23961"
"GO:0140053","mitochondrial gene expression",129,0.45948892052548,1.94104075635307,7.31214275558606e-06,0.000834094423631387,0.000753947253036193,2760,"tags=50%, list=28%, signal=37%","102436/71701/94064/71989/66047/107734/21780/18100/79044/14548/94066/75398/380773/52477/94065/69163/66121/118451/52856/56282/233870/60441/68463/69956/67308/68836/24030/78523/211064/66493/66077/27395/76784/68565/52469/71799/94067/27397/64657/59016/66258/108853/94061/28028/67840/545725/15278/68550/68735/67773/27393/121022/59054/83485/66966/67851/68537/67707/66292/56284/52575/353242/28030/50529/107732"
"GO:0002697","regulation of immune effector process",291,0.368256593032232,1.70668620524678,7.74516638709863e-06,0.0008634100256527,0.000780445952690417,1438,"tags=26%, list=14%, signal=23%","11846/14129/20296/142980/74748/18439/69550/246779/215900/14824/66824/26362/21355/27218/27007/71740/58185/71890/327957/22628/18950/234311/170743/22694/16197/54698/21939/16783/15042/80861/12362/20723/14190/22724/30925/14991/12010/16193/15040/16153/11541/15039/81897/20343/16854/12122/16859/12479/21354/110557/94088/15368/15216/16160/77777/230073/19260/106759/20909/230979/22030/63953/17319/107607/16173/56532/56632/14972/15015/235587/60533/74131/15977/11433/110213"
"GO:0035457","cellular response to interferon-alpha",18,0.770422391822966,2.16620891756935,8.09762240244639e-06,0.000882640841866657,0.00079782890196735,800,"tags=56%, list=8%, signal=51%","667373/15958/381308/26362/23960/15957/246730/112419/15951/114643"
"GO:0060337","type I interferon-mediated signaling pathway",62,0.554182421082017,2.04712141304816,8.94797964735054e-06,0.000933826386601158,0.000844096086778063,1459,"tags=42%, list=15%, signal=36%","23960/54123/24110/246730/58203/100038882/66141/231655/434341/56045/20847/94088/114643/56417/56489/71586/246728/23962/384309/72512/213541/246727/56335/56438/15977/338467"
"GO:0071357","cellular response to type I interferon",62,0.554182421082017,2.04712141304816,8.94797964735054e-06,0.000933826386601158,0.000844096086778063,1459,"tags=42%, list=15%, signal=36%","23960/54123/24110/246730/58203/100038882/66141/231655/434341/56045/20847/94088/114643/56417/56489/71586/246728/23962/384309/72512/213541/246727/56335/56438/15977/338467"
"GO:0060760","positive regulation of response to cytokine stimulus",55,0.572180442929666,2.057798090757,9.76204289502764e-06,0.000997558758335637,0.000901704488461763,1229,"tags=40%, list=12%, signal=35%","26362/54123/58203/15944/16145/13614/21939/12362/434341/108143/94088/12977/56489/71586/230073/384309/54396/72512/547253/22030/80285/11487"
"GO:0032496","response to lipopolysaccharide",280,0.361951510686581,1.66628858086425,1.06327711187194e-05,0.00106436208851671,0.000962088763738907,1200,"tags=25%, list=12%, signal=23%","626578/100702/20296/434219/18439/18787/18126/20364/12369/246256/55932/12774/66824/22259/26362/14469/27007/12257/327957/22169/15944/17079/108670/16145/13614/18104/15900/11898/12362/27419/15945/12010/16193/16153/17329/109778/12514/81897/212937/20128/16859/236193/30805/16819/12567/229898/17002/217166/94088/110794/209387/209590/20927/54448/17470/279028/12371/16160/16476/19106/67245/19260/106759/54396/63953/70310/17319/27364/16173/230594"
"GO:0044403","biological process involved in symbiotic interaction",121,0.459921884809409,1.91940934692667,1.15923445511286e-05,0.00113720900046572,0.00102793589998639,1097,"tags=26%, list=11%, signal=23%","11846/100702/71898/434219/71223/69550/20612/55932/26362/14469/27218/236573/12642/71740/80385/15587/13030/18145/68953/30954/20128/67028/229898/17002/17951/209387/14776/229900/244183/230979/17254"
"GO:0031343","positive regulation of cell killing",48,0.596609448871252,2.07512609216342,1.25014858294448e-05,0.00118840438295337,0.00107421197725191,1017,"tags=44%, list=10%, signal=39%","11846/20296/18439/12774/21355/27007/18950/54698/16783/15042/30925/14991/12010/15040/15039/20343/12122/12479/110557/16160/77777"
"GO:0031341","regulation of cell killing",75,0.522087575290738,2.01736682800704,1.25987824492508e-05,0.00118840438295337,0.00107421197725191,1352,"tags=39%, list=14%, signal=34%","11846/20296/18439/12774/21355/27007/71740/18950/16197/54698/16783/15042/20723/30925/14991/12010/15040/15039/20343/12122/16859/12479/21354/110557/16160/77777/56532/14972/15015"
"GO:0019221","cytokine-mediated signaling pathway",357,0.346147701739889,1.63327439349714,1.29030950128447e-05,0.00119414492524534,0.00107940091745981,1556,"tags=25%, list=16%, signal=22%","11846/20306/16161/20296/20293/60440/20304/16169/12774/66824/16192/26362/23960/54123/24110/246730/58203/11746/100038882/60504/15944/66141/16145/13614/16197/69146/231655/21939/13448/16184/12362/434341/15945/16193/16153/17329/227288/20698/56045/16188/12703/24105/102774/20847/216233/26457/73945/94088/114643/56417/17951/13874/30940/209590/12977/56489/54448/13601/16151/18201/17952/71609/71586/246728/16160/23962/384309/54396/72512/213541/547253/22030/246727/23897/16173/230594/18414/80285/11487/110006/16162/56335/99311/56438/15977/16181/338467/20510/107527/15170/213208"
"GO:0035455","response to interferon-alpha",29,0.692554205355797,2.12578933007429,1.36644585007752e-05,0.00124118831382041,0.00112192396111628,988,"tags=52%, list=10%, signal=47%","667373/15958/21822/69550/381308/26362/23960/15957/246730/66141/112419/15951/114643/56417/19106"
"GO:0045069","regulation of viral genome replication",64,0.545866207000937,2.02390778585354,1.5975313476596e-05,0.00142470750186733,0.00128780900217076,1561,"tags=45%, list=16%, signal=38%","17858/69550/20304/319278/23960/226691/246730/58185/100038882/66141/98999/57444/73158/231655/21849/17002/94088/114643/56417/229900/71586/246728/19106/23962/246727/15977/23825/80287/66101"
"GO:0002237","response to molecule of bacterial origin",296,0.357210193314055,1.6496109182359,1.77073064917845e-05,0.00155097032753934,0.00140193937863527,1200,"tags=24%, list=12%, signal=22%","626578/100702/20296/434219/18439/18787/18126/20364/12369/246256/55932/12774/66824/22259/26362/14469/21355/27007/12257/327957/22169/15944/17079/108670/16145/13614/18104/15900/11898/12362/27419/14991/15945/12010/16193/16153/17329/109778/12514/81897/212937/20128/16859/236193/30805/16819/12567/229898/17002/217166/94088/110794/209387/209590/20927/54448/17470/279028/12371/16160/16476/19106/67245/19260/106759/54396/63953/70310/17319/27364/16173/230594"
"GO:0002483","antigen processing and presentation of endogenous peptide antigen",19,0.745916188905168,2.11768349198293,2.19957088352224e-05,0.00186015434201321,0.00168141425796655,1967,"tags=89%, list=20%, signal=72%","21355/15042/21356/14991/12010/15040/15039/21354/110557/56495/15216/77777/14972/15015/14964/15018/110558"
"GO:0019885","antigen processing and presentation of endogenous peptide antigen via MHC class I",19,0.745916188905168,2.11768349198293,2.19957088352224e-05,0.00186015434201321,0.00168141425796655,1967,"tags=89%, list=20%, signal=72%","21355/15042/21356/14991/12010/15040/15039/21354/110557/56495/15216/77777/14972/15015/14964/15018/110558"
"GO:0050688","regulation of defense response to virus",59,0.554430202273387,2.02961487829023,2.44112660599784e-05,0.00202944508515583,0.00183443804896751,1349,"tags=37%, list=13%, signal=32%","16161/17472/20304/246779/66824/15944/16145/56213/18854/14190/209200/94088/209590/170742/16160/230073/19260/54396/72512/224647/80285/70796"
"GO:0001910","regulation of leukocyte mediated cytotoxicity",66,0.537209983362425,2.01720065295229,2.48447845247291e-05,0.0020310611348966,0.00183589881435367,1352,"tags=42%, list=14%, signal=37%","11846/20296/18439/21355/27007/71740/18950/16197/54698/16783/15042/20723/30925/14991/12010/15040/15039/20343/12122/16859/12479/21354/110557/16160/77777/56532/14972/15015"
"GO:0050829","defense response to Gram-negative bacterium",39,0.619083102943478,2.03894956140333,2.53234894288665e-05,0.00203625763358344,0.00184059598747861,1157,"tags=51%, list=12%, signal=46%","60440/18787/107831/66824/80385/15944/16145/78416/69146/12362/12010/81897/17476/17002/17951/14000/16160/54396/230979/107607"
"GO:0048002","antigen processing and presentation of peptide antigen",54,0.561975167696397,2.01757877980587,2.91849187376522e-05,0.0023089036517449,0.00208704376439713,1017,"tags=43%, list=10%, signal=38%","14129/80898/213233/66824/13040/73149/21355/269799/474145/54445/15042/21356/14991/12010/15040/15039/17476/71779/21354/110557/56495/15216/77777"
"GO:0140374","antiviral innate immune response",61,0.54562659549162,2.01836488520694,3.13223222236529e-05,0.00240056235167215,0.00216989508562543,1798,"tags=46%, list=18%, signal=38%","15958/15959/667370/23960/24110/246730/58203/20821/231655/80861/15945/71956/73945/94088/114643/71586/246728/19106/23962/230073/72512/246727/70796/15977/338467/80287/54131/637515"
"GO:0032543","mitochondrial translation",97,0.483931166485083,1.93993637771157,3.10314916366425e-05,0.00240056235167215,0.00216989508562543,2760,"tags=56%, list=28%, signal=41%","102436/94064/71989/66047/107734/18100/79044/14548/94066/75398/94065/69163/66121/118451/52856/56282/233870/60441/68463/69956/67308/68836/24030/78523/211064/66493/66077/27395/76784/68565/52469/71799/94067/27397/64657/66258/108853/94061/28028/67840/68735/27393/121022/59054/83485/68537/67707/66292/56284/52575/353242/28030/50529/107732"
"GO:0030029","actin filament-based process",476,-0.30017336685731,-1.51074411415138,3.37212182625819e-05,0.00254465500889175,0.00230014204570032,1954,"tags=28%, list=20%, signal=24%","11350/16480/17929/13430/12389/12345/211556/223701/17913/58194/68732/18759/12798/24136/56376/18016/19219/68178/12569/18003/14158/50884/234695/12775/21872/19084/230101/246177/109711/67399/56431/217325/229707/27360/63986/17880/100986/22290/219181/56699/20411/11826/76884/74392/71960/12043/76820/194401/216439/109880/20202/17868/72042/217692/76707/72754/109624/19261/56193/230661/20947/17260/260409/17886/12333/207278/77569/338367/326618/67384/28006/106952/216961/13631/66616/20807/75547/18826/17295/109620/171580/29816/56320/277360/53311/22351/16504/227753/53860/72821/13822/65970/20401/18484/70729/215789/22793/68339/73910/20266/83814/18578/241112/319565/211401/98932/101497/237860/215114/99889/12568/14744/15185/28240/18709/640524/21803/214459/225115/333433/246710/170762/23912/319710/235574/269587/212285/110279/16518/109689/76566/240505/50918"
"GO:0042116","macrophage activation",87,0.488211230376553,1.92798249539298,3.56901153449791e-05,0.00263075207084548,0.00237796614032967,1084,"tags=33%, list=11%, signal=30%","142980/268567/217203/14824/64685/22259/70110/15944/108670/12362/27419/16153/81897/20698/13011/85305/16859/12479/217166/66815/11920/17470/11988/11629/16476/16835/77777/106759/16534"
"GO:0007040","lysosome organization",99,0.470166995039949,1.9001663869295,3.64711805947998e-05,0.00263075207084548,0.00237796614032967,2398,"tags=45%, list=24%, signal=35%","18439/14824/15944/16145/226421/16783/68953/27419/15212/67028/94178/433375/54170/12751/170833/231855/54396/114128/192236/15211/76959/15932/110006/72392/75608/56438/20615/14466/14387/77573/11984/26889/66508/12752/21982/19056/432486/66700/214585/216742/66725/73658/65114/21425/216805"
"GO:0080171","lytic vacuole organization",99,0.470166995039949,1.9001663869295,3.64711805947998e-05,0.00263075207084548,0.00237796614032967,2398,"tags=45%, list=24%, signal=35%","18439/14824/15944/16145/226421/16783/68953/27419/15212/67028/94178/433375/54170/12751/170833/231855/54396/114128/192236/15211/76959/15932/110006/72392/75608/56438/20615/14466/14387/77573/11984/26889/66508/12752/21982/19056/432486/66700/214585/216742/66725/73658/65114/21425/216805"
"GO:0002706","regulation of lymphocyte mediated immunity",135,0.434023812399936,1.83999465563879,4.05926704810024e-05,0.00284812229115929,0.00257444950702569,1417,"tags=30%, list=14%, signal=26%","11846/14129/18439/215900/21355/27218/27007/71740/58185/71890/22628/18950/16197/54698/21939/16783/15042/20723/30925/14991/12010/16193/15040/15039/12122/16859/12479/21354/110557/15216/16160/77777/22030/16173/56532/14972/15015/235587/60533/74131/15977"
"GO:0071222","cellular response to lipopolysaccharide",192,0.396010661273163,1.74881004362032,4.06459858065546e-05,0.00284812229115929,0.00257444950702569,1200,"tags=28%, list=12%, signal=25%","626578/100702/20296/434219/18787/18126/12369/246256/55932/12774/66824/22259/26362/14469/27007/12257/327957/22169/15944/17079/108670/16145/15900/11898/12362/15945/12010/16193/16153/17329/12514/81897/212937/20128/236193/16819/12567/229898/17002/217166/110794/209387/54448/17470/279028/16160/19260/106759/54396/70310/17319/16173/230594"
"GO:0071219","cellular response to molecule of bacterial origin",202,0.384350800570271,1.70784798760231,4.18100750958467e-05,0.00288842842739617,0.00261088267314613,1200,"tags=26%, list=12%, signal=24%","626578/100702/20296/434219/18787/18126/12369/246256/55932/12774/66824/22259/26362/14469/27007/12257/327957/22169/15944/17079/108670/16145/15900/11898/12362/15945/12010/16193/16153/17329/12514/81897/212937/20128/236193/16819/12567/229898/17002/217166/110794/209387/54448/17470/279028/16160/19260/106759/54396/70310/17319/16173/230594"
"GO:0002705","positive regulation of leukocyte mediated immunity",112,0.456050564687366,1.87162122254954,4.5602346053107e-05,0.00310665982486792,0.0028081444674808,1406,"tags=32%, list=14%, signal=28%","11846/14129/20296/18439/21355/27218/27007/58185/71890/327957/22628/18950/54698/21939/16783/15042/30925/14991/12010/16193/15040/15039/20343/12122/12479/110557/16160/77777/230073/106759/20909/22030/16173/14972/15015/74131"
"GO:0001912","positive regulation of leukocyte mediated cytotoxicity",46,0.58360538545321,2.00531219309371,4.66793743247151e-05,0.00313647028853051,0.00283509047809229,1017,"tags=43%, list=10%, signal=39%","11846/20296/18439/21355/27007/18950/54698/16783/15042/30925/14991/12010/15040/15039/20343/12122/12479/110557/16160/77777"
"GO:0032102","negative regulation of response to external stimulus",246,0.365691185565076,1.65998019985066,5.64578324320564e-05,0.00374223875782752,0.00338265135425066,1556,"tags=29%, list=16%, signal=25%","11846/20296/74748/18787/14824/64685/22259/21355/23960/24110/208177/27007/226691/71740/246730/100038882/15944/16145/20821/56213/80861/16184/20723/14190/434341/100340/16153/56045/231712/13011/16859/20847/17002/21354/217166/74211/114643/56417/27052/19172/94178/20440/14776/17470/72828/11629/16160/16835/17127/54396/213541/547253/246727/63953/17319/19386/224647/66368/20720/57781/21672/56335/15139/15977/11433/14466/436440/11747/23825/18595/15170/213208"
"GO:0002250","adaptive immune response",312,0.336076354371629,1.56586919350276,6.42215368374631e-05,0.00420008850917009,0.00379650685135993,1417,"tags=24%, list=14%, signal=22%","11846/16161/14129/20715/75345/80898/18439/246779/246256/66824/73149/21355/27218/54123/27007/269799/58185/12268/71890/22628/474145/18950/12267/27060/435653/54445/16197/54698/17085/21939/15042/20723/22724/30925/14991/12010/16193/15040/15039/17476/71779/16068/12479/21354/110557/12260/22122/209590/94178/13169/15216/16160/77777/108138/230979/22030/63953/17319/50908/16173/50909/101540/56532/55960/13032/12262/17999/14972/16162/15461/15015/15139/235587/60533/74131/15977"
"GO:0019079","viral genome replication",84,0.488379103193315,1.90985200441782,6.76460341640642e-05,0.00436583944177282,0.00394633096813072,1597,"tags=38%, list=16%, signal=32%","17858/69550/20304/319278/23960/226691/246730/58185/100038882/66141/98999/57444/73158/231655/21849/17002/94088/114643/56417/229900/23983/71586/246728/19106/23962/246727/52513/15977/23825/80287/66101/20587"
"GO:0002460","adaptive immune response based on somatic recombination of immune receptors built from immunoglobulin superfamily domains",230,0.359764525917737,1.61964777732926,8.28994111626129e-05,0.00528080015263138,0.0047733741601767,1417,"tags=25%, list=14%, signal=22%","11846/16161/14129/18439/246779/246256/21355/27218/54123/58185/12268/71890/22628/18950/12267/27060/435653/54445/16197/17085/21939/15042/20723/22724/30925/14991/12010/16193/15040/15039/16068/12479/110557/12260/22122/209590/15216/16160/77777/108138/22030/50908/16173/50909/56532/55960/13032/12262/14972/16162/15461/15015/15139/235587/60533/74131/15977"
"GO:0002699","positive regulation of immune effector process",196,0.374746207247389,1.65654545686338,8.5370086639974e-05,0.00536846506370606,0.00485261545111431,1170,"tags=24%, list=12%, signal=22%","11846/14129/20296/142980/18439/66824/21355/27218/27007/58185/71890/327957/22628/18950/234311/170743/54698/21939/16783/15042/80861/12362/30925/14991/12010/16193/15040/16153/11541/15039/81897/20343/12122/12479/110557/94088/16160/77777/230073/19260/106759/20909/230979/22030/17319/107607/16173"
"GO:0019883","antigen processing and presentation of endogenous antigen",21,0.737272023352886,2.14646972129132,9.81559772891503e-05,0.00609436795700357,0.00550876717310994,1967,"tags=86%, list=20%, signal=69%","21355/15042/21356/14991/12010/15040/15039/12479/21354/110557/56495/15216/77777/14972/15015/14964/15018/110558"
"GO:0050727","regulation of inflammatory response",268,0.346257050677865,1.5839166286875,0.000107498258100348,0.00659098694977757,0.00595766661998243,1170,"tags=23%, list=12%, signal=21%","20306/14129/142980/74748/66811/20304/18787/55932/14824/12774/66824/64685/22259/13040/14469/239849/24110/14087/226691/70110/58203/15944/15587/16145/170743/69146/16184/12362/100340/16193/16153/11541/81897/20698/13011/85305/16859/12370/68497/229898/217166/74211/27052/14000/19172/11920/13982/14776/17470/11988/71609/16160/16835/64292/17127/13202/54396/72512/16534/63953/56312/16173"
"GO:0031348","negative regulation of defense response",188,0.383540445440501,1.69101254871499,0.000120640695318178,0.00730546432760078,0.00660349069110027,1556,"tags=30%, list=16%, signal=26%","11846/74748/14824/64685/22259/21355/23960/24110/226691/71740/246730/100038882/15944/16145/20821/56213/80861/16184/20723/14190/434341/100340/16153/56045/231712/13011/16859/20847/21354/217166/74211/114643/56417/27052/19172/94178/14776/17470/16160/16835/17127/54396/213541/547253/246727/63953/19386/224647/57781/56335/15977/11433/14466/436440/23825/15170/213208"
"GO:0022011","myelination in peripheral nervous system",19,-0.718175465323641,-2.09443851794926,0.000129411313405341,0.00764774087052043,0.00691287827600881,1702,"tags=53%, list=17%, signal=44%","20481/12833/11651/19153/192119/11652/56217/19058/17988/53321"
"GO:0032292","peripheral nervous system axon ensheathment",19,-0.718175465323641,-2.09443851794926,0.000129411313405341,0.00764774087052043,0.00691287827600881,1702,"tags=53%, list=17%, signal=44%","20481/12833/11651/19153/192119/11652/56217/19058/17988/53321"
"GO:0071216","cellular response to biotic stimulus",225,0.36750395052336,1.65398689850198,0.000134338395657838,0.00784440274644874,0.00709064313923324,1200,"tags=25%, list=12%, signal=22%","626578/100702/20296/434219/18787/18126/12369/246256/55932/12774/66824/22259/26362/14469/27007/12257/327957/22169/15944/17079/108670/16145/15900/11898/12362/66795/15945/12010/16193/16153/17329/12514/81897/212937/12122/20128/236193/16819/12567/229898/17002/217166/110794/209387/54448/17470/279028/16160/19260/106759/54396/70310/17319/16173/50755/230594"
"GO:0032728","positive regulation of interferon-beta production",44,0.579937607470346,1.95802289359632,0.000143407959543142,0.00827548284187192,0.00748030124576737,1107,"tags=41%, list=11%, signal=37%","142980/23960/54123/246730/100038882/170743/81897/71956/114643/71609/71586/246728/230073/19260/106759/384309/72512/246727"
"GO:0001960","negative regulation of cytokine-mediated signaling pathway",57,0.525577572926248,1.89785406735176,0.000179842319621038,0.0102572857876883,0.009271675033584,1107,"tags=37%, list=11%, signal=33%","11846/20304/23960/24110/246730/11746/100038882/434341/16193/56045/20847/73945/114643/56417/17951/30940/13601/17952/213541/547253/246727"
"GO:0032479","regulation of type I interferon production",120,0.427969167449639,1.78079869166061,0.000200828544252282,0.0111939091995164,0.0101182993826628,1514,"tags=30%, list=15%, signal=26%","17472/142980/20612/66824/64685/23960/54123/246730/100038882/15944/327959/16145/170743/15900/80861/81897/72935/71956/114643/56489/229900/71609/71586/246728/230073/19260/106759/384309/54396/72512/246727/224647/52513/56438/338467/23825"
"GO:0032606","type I interferon production",120,0.427969167449639,1.78079869166061,0.000200828544252282,0.0111939091995164,0.0101182993826628,1514,"tags=30%, list=15%, signal=26%","17472/142980/20612/66824/64685/23960/54123/246730/100038882/15944/327959/16145/170743/15900/80861/81897/72935/71956/114643/56489/229900/71609/71586/246728/230073/19260/106759/384309/54396/72512/246727/224647/52513/56438/338467/23825"
"GO:0002456","T cell mediated immunity",99,0.439581567508764,1.7765562612981,0.000208671978394322,0.0115004051013949,0.0103953444470359,1417,"tags=33%, list=14%, signal=29%","11846/18439/246256/21355/27218/58185/22628/18950/54445/16197/15042/20723/14991/12010/16193/15040/15039/12479/110557/22122/15216/16160/77777/22030/16173/56532/55960/13032/14972/15015/60533/74131/15977"
"GO:0001961","positive regulation of cytokine-mediated signaling pathway",49,0.555106359124318,1.9302491910214,0.000223852982873359,0.0121999875665981,0.0110277048404981,1229,"tags=39%, list=12%, signal=34%","26362/54123/58203/15944/16145/13614/21939/12362/434341/94088/12977/56489/384309/54396/72512/547253/22030/80285/11487"
"GO:0032881","regulation of polysaccharide metabolic process",28,-0.620193860714704,-2.02392436383345,0.000240994253102738,0.012892413562139,0.0116535964212092,1692,"tags=43%, list=17%, signal=36%","19219/15289/11651/11652/20411/244416/16337/228966/18033/12491/21803/16548"
"GO:0071706","tumor necrosis factor superfamily cytokine production",155,0.385847023989442,1.66367335020006,0.00024444331524545,0.012892413562139,0.0116535964212092,1651,"tags=30%, list=17%, signal=25%","93695/14129/20296/142980/73181/217203/12774/66824/26362/73149/27218/23960/269799/246730/12257/474145/16193/16153/81897/20128/16859/17002/114643/20927/71586/246728/16160/230073/19260/106759/16534/246727/17319/107607/16173/224647/11487/56632/13058/60533/74131/11433/13057/15170/16956/56501"
"GO:1903555","regulation of tumor necrosis factor superfamily cytokine production",155,0.385847023989442,1.66367335020006,0.00024444331524545,0.012892413562139,0.0116535964212092,1651,"tags=30%, list=17%, signal=25%","93695/14129/20296/142980/73181/217203/12774/66824/26362/73149/27218/23960/269799/246730/12257/474145/16193/16153/81897/20128/16859/17002/114643/20927/71586/246728/16160/230073/19260/106759/16534/246727/17319/107607/16173/224647/11487/56632/13058/60533/74131/11433/13057/15170/16956/56501"
"GO:0060761","negative regulation of response to cytokine stimulus",61,0.508433338190265,1.88078074776972,0.000258583119660796,0.0131723361997499,0.0119066216156117,1107,"tags=36%, list=11%, signal=32%","11846/20304/23960/24110/246730/11746/100038882/23939/434341/16193/56045/20847/73945/114643/56417/17951/30940/13601/17952/213541/547253/246727"
"GO:0051928","positive regulation of calcium ion transport",52,0.528015178441858,1.87489080333397,0.000260691391754226,0.0131723361997499,0.0119066216156117,855,"tags=29%, list=9%, signal=27%","20296/18439/20304/18787/238161/12018/12257/15114/15945/17329/16854/12028/12289/18438/65973"
"GO:0032481","positive regulation of type I interferon production",87,0.457218189172843,1.80558866829142,0.000257350229172391,0.0131723361997499,0.0119066216156117,1107,"tags=28%, list=11%, signal=25%","17472/142980/20612/23960/54123/246730/100038882/327959/170743/80861/81897/72935/71956/114643/56489/71609/71586/246728/230073/19260/106759/384309/72512/246727"
"GO:0071887","leukocyte apoptotic process",100,0.439867570971315,1.77512933569846,0.00026854915799694,0.0131723361997499,0.0119066216156117,1226,"tags=28%, list=12%, signal=25%","18439/20304/12369/20612/12774/26362/12018/18950/16197/17289/14605/16184/30954/20723/16193/16153/16854/12370/12028/20440/12371/57741/209488/76089/17319/16173/101540/56532"
"GO:0002367","cytokine production involved in immune response",89,0.447061287881945,1.76373917327927,0.000265930459078239,0.0131723361997499,0.0119066216156117,1422,"tags=34%, list=14%, signal=29%","11846/142980/18439/69550/215900/66824/26362/27218/58185/327957/170743/12362/12010/16193/16153/81897/94088/15368/15216/230073/106759/230979/22030/17319/107607/16173/56632/74131/15977/11433"
"GO:0002718","regulation of cytokine production involved in immune response",89,0.447061287881945,1.76373917327927,0.000265930459078239,0.0131723361997499,0.0119066216156117,1422,"tags=34%, list=14%, signal=29%","11846/142980/18439/69550/215900/66824/26362/27218/58185/327957/170743/12362/12010/16193/16153/81897/94088/15368/15216/230073/106759/230979/22030/17319/107607/16173/56632/74131/15977/11433"
"GO:0001818","negative regulation of cytokine production",219,0.357596870966097,1.60173017721033,0.000261723281203002,0.0131723361997499,0.0119066216156117,1556,"tags=26%, list=16%, signal=22%","11846/20306/93695/17472/69550/20612/13388/66824/64685/26362/73149/27218/23960/269799/246730/12257/11746/80385/474145/15944/327959/16145/18854/17289/80861/16193/16153/20128/16859/17002/114643/15368/209590/229900/17470/15216/16160/19260/54396/114128/246727/224647/68038/22350/57781/66889/52513/60533/56438/15977/11433/14466/338467/23825/15170/213208"
"GO:0051701","biological process involved in interaction with host",103,0.434685280812882,1.75812563208637,0.000301929730585728,0.0146630230546831,0.0132540700909545,1423,"tags=29%, list=14%, signal=25%","100702/434219/71223/20612/55932/26362/14469/27218/236573/12642/71740/15587/13030/18145/68953/30954/20128/67028/229898/17002/17951/209387/229900/244183/230979/17254/76959/67778/75608/66848"
"GO:0034138","toll-like receptor 3 signaling pathway",26,0.639476762696939,1.9468337223538,0.000305272060085108,0.0146799946540927,0.0132694109089626,1042,"tags=38%, list=10%, signal=35%","142980/23960/246730/327957/54445/16363/114643/67245/19260/106759"
"GO:0001913","T cell mediated cytotoxicity",42,0.561795760632765,1.87477056308092,0.000313116699863164,0.0149110428429983,0.0134782579440332,1352,"tags=50%, list=14%, signal=43%","18439/246256/21355/18950/16197/15042/20723/14991/12010/15040/15039/12479/110557/22122/16160/77777/56532/55960/13032/14972/15015"
"GO:0035725","sodium ion transmembrane transport",53,-0.50953317484835,-1.89574146232188,0.000317830140263383,0.0149739636802088,0.0135351327906088,1298,"tags=38%, list=13%, signal=33%","77031/56398/94249/83997/53881/232341/20276/72821/20538/71699/20266/83814/105727/252972/236794/28240/20496/98396/232975/331004"
"GO:0014855","striated muscle cell proliferation",50,-0.507421478646149,-1.86278088973728,0.00032054356501976,0.0149739636802088,0.0135351327906088,2585,"tags=46%, list=26%, signal=34%","108655/18712/16646/12166/19664/16653/11350/14159/232334/19084/19211/16452/17260/21813/21814/19015/17967/15234/67367/74777/66934/26416/21385"
"GO:0050995","negative regulation of lipid catabolic process",12,-0.774455907149999,-1.94375091341189,0.000343659855951235,0.0159023735230265,0.0143743328030447,1616,"tags=67%, list=16%, signal=56%","11651/76574/16176/20660/30955/14756/18576/70461"
"GO:0044782","cilium organization",222,-0.33970637354595,-1.58258237450598,0.000357608258899601,0.0162413750916902,0.0146807601021942,2879,"tags=41%, list=29%, signal=30%","231672/215445/16776/66717/320244/14745/211535/74256/380654/243371/68259/64436/70314/229776/22284/72982/74117/18764/232906/68121/232089/18536/68001/70235/26941/16328/320299/108686/67661/71276/101565/77505/13430/382406/140810/18541/218630/76967/11651/18003/210544/231050/57438/225523/54633/15194/73916/97064/214552/67841/73692/66264/67884/68146/654470/67161/52906/230872/668310/227753/53860/330188/637079/65970/75216/226251/68339/106633/20873/19335/19725/66994/77048/101100/241112/319565/67590/232987/319845/22092/15185/107934/214459/234776/100048534/233899/69926/13196/71972/67378/99167"
"GO:0120031","plasma membrane bounded cell projection assembly",344,-0.301635523879099,-1.47500405241657,0.000354616575708766,0.0162413750916902,0.0146807601021942,2359,"tags=32%, list=24%, signal=25%","13609/68121/232089/18536/56753/18708/68001/70235/26941/16328/320299/108686/22330/67661/30938/108911/71276/101565/77505/11350/13430/382406/12389/12345/140810/68732/72722/18541/107589/218630/67425/76967/11651/14158/50884/210544/234695/12775/231050/22325/57438/225523/56699/11826/54633/193385/15194/83431/73916/97064/214552/67841/73692/66264/67884/260409/68146/654470/67384/67161/16403/52906/230872/20807/219140/56320/12224/668310/227753/53860/330188/637079/57257/65970/20401/75216/226251/106633/20873/19335/19725/66994/77048/101100/70415/319565/67590/11977/232987/319845/22092/107934/28240/208727/214459/26382/234776/100048534/192786/233899/18483/56792/69926/13196/71972/67378/99167/228852/226970"
"GO:0044790","suppression of viral release by host",19,0.686183890938787,1.948101301352,0.000399063388150669,0.0176167540940341,0.0159239805234341,2052,"tags=63%, list=21%, signal=50%","434219/20821/18854/21849/20128/209387/384309/22670/319236/93679/66700/667823"
"GO:0002715","regulation of natural killer cell mediated immunity",34,0.590894482333789,1.90362108304586,0.00039272041065346,0.0176167540940341,0.0159239805234341,1017,"tags=41%, list=10%, signal=37%","215900/21355/27007/71740/54698/16783/20723/30925/14991/12122/16859/21354/16160/77777"
"GO:0032640","tumor necrosis factor production",153,0.386168976450169,1.66471485698664,0.000402258197458068,0.0176167540940341,0.0159239805234341,1651,"tags=29%, list=17%, signal=25%","93695/14129/20296/142980/73181/217203/12774/66824/26362/73149/27218/23960/269799/246730/12257/474145/16193/16153/81897/20128/16859/17002/114643/20927/71586/246728/16160/230073/19260/106759/16534/246727/17319/107607/16173/224647/11487/56632/13058/74131/11433/13057/15170/16956/56501"
"GO:0032680","regulation of tumor necrosis factor production",153,0.386168976450169,1.66471485698664,0.000402258197458068,0.0176167540940341,0.0159239805234341,1651,"tags=29%, list=17%, signal=25%","93695/14129/20296/142980/73181/217203/12774/66824/26362/73149/27218/23960/269799/246730/12257/474145/16193/16153/81897/20128/16859/17002/114643/20927/71586/246728/16160/230073/19260/106759/16534/246727/17319/107607/16173/224647/11487/56632/13058/74131/11433/13057/15170/16956/56501"
"GO:0010828","positive regulation of D-glucose transmembrane transport",30,-0.604479763930515,-2.01084038814994,0.000420705001873949,0.0179701033802034,0.0162433768844716,2567,"tags=53%, list=26%, signal=40%","104215/72993/170731/18753/18024/18759/11651/11652/20411/16337/109880/24014/17295/26416/18124/232430"
"GO:0060330","regulation of response to type II interferon",12,0.778041356637212,1.97833718953022,0.000424981038145482,0.0179701033802034,0.0162433768844716,1228,"tags=58%, list=12%, signal=51%","11846/15944/16145/434341/54396/547253/80285"
"GO:0060334","regulation of type II interferon-mediated signaling pathway",12,0.778041356637212,1.97833718953022,0.000424981038145482,0.0179701033802034,0.0162433768844716,1228,"tags=58%, list=12%, signal=51%","11846/15944/16145/434341/54396/547253/80285"
"GO:0002228","natural killer cell mediated immunity",53,0.514447636913856,1.83777862195951,0.000416808325873454,0.0179701033802034,0.0162433768844716,1170,"tags=34%, list=12%, signal=30%","215900/246256/21355/27007/71740/18477/54698/16783/20723/30925/14991/12122/16859/21354/69582/16160/77777/16173"
"GO:0141060","disruption of anatomical structure in another organism",47,0.542640278145028,1.87870307196737,0.000471122713833126,0.0197509137722349,0.0178530712610448,1374,"tags=40%, list=14%, signal=35%","11846/71898/14962/55932/14469/80385/16145/14190/15945/17329/16854/229898/17002/229900/54396/50908/50909/57266/15139"
"GO:0031640","killing of cells of another organism",44,0.550933915655296,1.86009875168665,0.000497205917572951,0.0204940758461792,0.0185248237489365,1374,"tags=43%, list=14%, signal=37%","11846/71898/14962/55932/14469/80385/16145/14190/15945/17329/16854/229898/17002/229900/54396/50908/50909/57266/15139"
"GO:0141061","disruption of cell in another organism",44,0.550933915655296,1.86009875168665,0.000497205917572951,0.0204940758461792,0.0185248237489365,1374,"tags=43%, list=14%, signal=37%","11846/71898/14962/55932/14469/80385/16145/14190/15945/17329/16854/229898/17002/229900/54396/50908/50909/57266/15139"
"GO:0043255","regulation of carbohydrate biosynthetic process",72,-0.458499228517688,-1.8104417766312,0.000531857886881597,0.0217396911262853,0.0196507492942569,1883,"tags=38%, list=19%, signal=31%","15251/56790/19219/11651/11652/20617/20411/244416/16337/320706/140858/56193/17886/228966/56458/18747/19082/108155/67800/18033/18106/11364/12491/230784/108099/21803/109689"
"GO:0001914","regulation of T cell mediated cytotoxicity",32,0.579397358290517,1.83722579041792,0.000536391528241392,0.0217438053390415,0.0196544681770573,1967,"tags=62%, list=20%, signal=50%","18439/21355/18950/16197/15042/14991/12010/15040/15039/12479/110557/16160/77777/56532/14972/15015/14964/19056/15018/110558"
"GO:0030036","actin cytoskeleton organization",436,-0.280136935593341,-1.39379913265122,0.000551502110570473,0.0221730971503948,0.0200425098336741,2241,"tags=31%, list=22%, signal=25%","16971/19241/18479/105855/26941/223881/13800/108686/16653/76499/54132/78757/192197/23921/29875/223254/11350/17929/13430/12345/211556/223701/17913/58194/68732/18759/12798/24136/56376/18016/19219/68178/12569/18003/14158/50884/234695/12775/21872/19084/230101/246177/109711/67399/56431/217325/229707/27360/63986/17880/219181/56699/20411/11826/76884/74392/71960/12043/76820/194401/216439/109880/20202/17868/72042/217692/76707/72754/109624/19261/56193/230661/20947/17260/260409/17886/12333/207278/77569/338367/326618/67384/28006/106952/216961/13631/66616/20807/75547/18826/17295/171580/29816/56320/277360/53311/22351/16504/227753/53860/13822/65970/20401/18484/70729/215789/22793/73910/241112/211401/98932/101497/237860/215114/99889/12568/14744/15185/28240/18709/640524/21803/225115/246710/23912/235574/269587/212285/110279/109689/76566/240505/50918"
"GO:0030031","cell projection assembly",352,-0.29524558769897,-1.44575232780034,0.000609364313554827,0.0243002598210278,0.0219652758980995,2359,"tags=32%, list=24%, signal=25%","13609/68121/232089/18536/56753/18708/68001/105855/70235/26941/16328/320299/108686/22330/67661/30938/108911/71276/101565/77505/11350/13430/382406/12389/12345/140810/68732/72722/18541/107589/218630/67425/76967/11651/14158/50884/210544/234695/12775/231050/22325/57438/225523/56699/11826/76884/54633/193385/15194/83431/73916/97064/214552/67841/73692/66264/67884/260409/68146/654470/67384/67161/16403/52906/230872/20807/219140/56320/12224/668310/227753/53860/330188/637079/57257/65970/20401/75216/226251/106633/20873/19335/19725/66994/77048/101100/70415/319565/67590/11977/232987/319845/22092/107934/28240/208727/214459/26382/234776/100048534/192786/233899/18483/56792/69926/13196/71972/67378/99167/228852/226970"
"GO:0060339","negative regulation of type I interferon-mediated signaling pathway",21,0.698222864610435,2.03278327418949,0.00062962725682852,0.0249058201189023,0.0225126486057871,1362,"tags=57%, list=14%, signal=49%","23960/24110/246730/100038882/434341/56045/20847/114643/56417/213541/246727/56335"
"GO:0002753","cytoplasmic pattern recognition receptor signaling pathway",182,0.36065497013864,1.58873587751151,0.000681556981591813,0.0267442959576628,0.0241744674228608,1370,"tags=24%, list=14%, signal=21%","142980/18439/66824/14469/23960/54123/226691/246730/58185/327957/15944/16145/234311/170743/54445/69146/231655/226421/80861/81897/20128/16363/72935/71956/229898/69104/114643/71586/19106/67245/230073/19260/106759/384309/54396/72512/246727/19386/107607/67705/70796/52513/56174"
"GO:0098659","inorganic cation import across plasma membrane",49,-0.515917350198671,-1.89304664258967,0.000730769162007693,0.0277862227879669,0.0251162767064578,1051,"tags=31%, list=11%, signal=28%","66383/232341/12290/69806/20276/238276/83814/19058/18436/236794/28240/20496/16518/232975/331004"
"GO:0099587","inorganic ion import across plasma membrane",49,-0.515917350198671,-1.89304664258967,0.000730769162007693,0.0277862227879669,0.0251162767064578,1051,"tags=31%, list=11%, signal=28%","66383/232341/12290/69806/20276/238276/83814/19058/18436/236794/28240/20496/16518/232975/331004"
"GO:0032608","interferon-beta production",61,0.486911751559162,1.80116876571262,0.000725886001220125,0.0277862227879669,0.0251162767064578,1107,"tags=33%, list=11%, signal=29%","142980/66824/64685/23960/54123/246730/100038882/170743/81897/71956/114643/71609/71586/246728/230073/19260/106759/384309/72512/246727"
"GO:0032648","regulation of interferon-beta production",61,0.486911751559162,1.80116876571262,0.000725886001220125,0.0277862227879669,0.0251162767064578,1107,"tags=33%, list=11%, signal=29%","142980/66824/64685/23960/54123/246730/100038882/170743/81897/71956/114643/71609/71586/246728/230073/19260/106759/384309/72512/246727"
"GO:0002548","monocyte chemotaxis",30,0.581858208469868,1.78767534616588,0.000757224722442087,0.0285706712582957,0.0258253484285512,950,"tags=27%, list=9%, signal=24%","20296/20293/74748/20304/18787/15945/16854/11629"
"GO:0008277","regulation of G protein-coupled receptor signaling pathway",83,-0.436291426900179,-1.74606478720571,0.000820664845148264,0.0307279470645209,0.0277753340921212,1475,"tags=30%, list=15%, signal=26%","20617/21648/14772/207728/117148/320129/56193/17886/69035/101489/212111/17295/26431/14761/18578/105171/64214/67839/239217/18483/70461/26385/51801/109689/56318"
"GO:0019884","antigen processing and presentation of exogenous antigen",35,0.566906479430116,1.82432456250067,0.000844227224283654,0.0313707161750858,0.028356340260628,706,"tags=40%, list=7%, signal=37%","14129/19186/13040/73149/21355/19188/269799/474145/54445/21356/14991/12010/17476/12479"
"GO:0006112","energy reserve metabolic process",61,-0.466621904181802,-1.78164841266993,0.000866778411833325,0.0314772596125522,0.0284526460621428,1689,"tags=36%, list=17%, signal=30%","12833/15289/11651/11652/19309/20411/244416/16337/19047/329015/74178/67841/12421/228966/18627/66681/52639/74777/11364/12491/108099/16548"
"GO:0032609","type II interferon production",90,0.430828201890858,1.70472189488264,0.000872763977024894,0.0314772596125522,0.0284526460621428,1446,"tags=34%, list=14%, signal=30%","16161/142980/246779/66824/26362/27218/27007/100038882/15944/170743/54698/15900/30925/14991/16153/81897/16859/12479/209590/16160/77777/19260/16173/56532/16162/15461/11352/60533/74131/15977/66155"
"GO:0032649","regulation of type II interferon production",90,0.430828201890858,1.70472189488264,0.000872763977024894,0.0314772596125522,0.0284526460621428,1446,"tags=34%, list=14%, signal=30%","16161/142980/246779/66824/26362/27218/27007/100038882/15944/170743/54698/15900/30925/14991/16153/81897/16859/12479/209590/16160/77777/19260/16173/56532/16162/15461/11352/60533/74131/15977/66155"
"GO:0060271","cilium assembly",207,-0.337089213712738,-1.5679930836857,0.000868084505023007,0.0314772596125522,0.0284526460621428,2879,"tags=41%, list=29%, signal=30%","231672/215445/16776/66717/320244/14745/211535/74256/380654/243371/68259/64436/70314/229776/22284/72982/74117/232906/68121/232089/18536/68001/70235/16328/320299/108686/67661/71276/101565/77505/13430/382406/140810/18541/218630/76967/11651/210544/231050/57438/225523/54633/15194/73916/97064/214552/67841/73692/66264/67884/68146/654470/67161/52906/230872/668310/227753/53860/330188/637079/65970/75216/226251/106633/20873/19335/19725/66994/77048/101100/319565/67590/232987/319845/22092/107934/214459/234776/100048534/233899/69926/13196/71972/67378/99167"
"GO:0007033","vacuole organization",237,0.346727450419959,1.56533845610131,0.00088944042805126,0.0318445642305944,0.0287846568033185,2404,"tags=34%, list=24%, signal=27%","432555/60440/21822/240327/18439/620913/100039796/14824/15953/15944/27060/16145/20821/217893/226421/16783/225020/68953/66795/27419/15212/667214/13033/67028/94178/11920/433375/54170/68053/12751/170833/231855/19331/54396/72512/114128/192236/56312/15211/74370/76959/15932/76983/110006/72392/110147/75608/56438/20615/14466/14387/77573/11984/245944/26889/209131/66508/12752/21982/64143/19056/21968/432486/66700/214585/227298/100763/12176/225326/216742/66615/237782/214063/66725/73658/65114/66048/21425/235040/216805/100855"
"GO:0002708","positive regulation of lymphocyte mediated immunity",90,0.4300618589499,1.70168959201875,0.000921702626239256,0.0327605172587214,0.0296125969620118,1406,"tags=32%, list=14%, signal=28%","14129/18439/21355/27218/27007/58185/71890/22628/18950/54698/21939/16783/15042/30925/14991/12010/16193/15040/15039/12122/12479/110557/16160/77777/22030/16173/14972/15015/74131"
"GO:0002428","antigen processing and presentation of peptide antigen via MHC class Ib",14,0.733558819016729,1.94947998375518,0.000928964687666648,0.0327810920360065,0.0296311947326916,1967,"tags=93%, list=20%, signal=75%","21355/15042/14991/12010/15040/15039/110557/77777/14972/15015/14964/15018/110558"
"GO:0017004","cytochrome complex assembly",25,0.622532218877052,1.86881283369411,0.000939642442697299,0.0329210441530732,0.0297576990123385,1535,"tags=44%, list=15%, signal=37%","226139/52892/76178/69893/66379/66359/67705/231430/214489/13057/52469"
"GO:0002475","antigen processing and presentation via MHC class Ib",18,0.671152717263704,1.88709079151689,0.000984195418003197,0.0341181139684802,0.0308397437706397,1967,"tags=78%, list=20%, signal=63%","21355/15042/14991/12010/15040/15039/12479/110557/77777/14972/15015/14964/15018/110558"
"GO:0002709","regulation of T cell mediated immunity",77,0.451250323726213,1.74788399592617,0.000987721138333167,0.0341181139684802,0.0308397437706397,1417,"tags=35%, list=14%, signal=30%","11846/18439/21355/27218/58185/22628/18950/16197/15042/14991/12010/16193/15040/15039/12479/110557/15216/16160/77777/22030/16173/56532/14972/15015/60533/74131/15977"
"GO:0050765","negative regulation of phagocytosis",24,-0.600560102644804,-1.87384355679852,0.00103022925925356,0.0353375840324386,0.0319420363634597,1901,"tags=46%, list=19%, signal=37%","100038947/12798/15289/229521/19211/67841/19261/668101/320832/22038/21803"
"GO:0050729","positive regulation of inflammatory response",117,0.403815767064904,1.67464818382889,0.00105116469963573,0.035805297581342,0.0323648078572053,1170,"tags=26%, list=12%, signal=23%","20306/14129/142980/20304/18787/55932/14824/12774/66824/64685/13040/14469/70110/58203/15587/170743/69146/12362/16193/11541/81897/85305/12370/229898/71609/16835/13202/16534/56312/16173"
"GO:0002476","antigen processing and presentation of endogenous peptide antigen via MHC class Ib",13,0.72658919775878,1.88103811818253,0.00107493855729,0.036113517969229,0.0326434117037165,1967,"tags=92%, list=20%, signal=74%","21355/15042/14991/15040/15039/110557/77777/14972/15015/14964/15018/110558"
"GO:0002484","antigen processing and presentation of endogenous peptide antigen via MHC class I via ER pathway",13,0.72658919775878,1.88103811818253,0.00107493855729,0.036113517969229,0.0326434117037165,1967,"tags=92%, list=20%, signal=74%","21355/15042/14991/15040/15039/110557/77777/14972/15015/14964/15018/110558"
"GO:0002698","negative regulation of immune effector process",93,0.42096968306992,1.66987914273556,0.00112748885344789,0.0376213117425978,0.0340063233134443,1556,"tags=30%, list=16%, signal=26%","11846/74748/69550/14824/26362/21355/27218/71740/22628/22694/16197/20723/14190/22724/16153/16854/16859/21354/15368/15216/63953/235587/60533/15977/11433/110213/15170/213208"
"GO:0042269","regulation of natural killer cell mediated cytotoxicity",31,0.579297415657552,1.80987178470884,0.00114600730737579,0.0378032598863943,0.0341707882700773,1017,"tags=42%, list=10%, signal=38%","21355/27007/71740/54698/16783/20723/30925/14991/12122/16859/21354/16160/77777"
"GO:0070231","T cell apoptotic process",48,0.512553190860728,1.78276174135191,0.00115496048946467,0.0378032598863943,0.0341707882700773,694,"tags=27%, list=7%, signal=25%","18439/20304/20612/12018/18950/16197/14605/16184/30954/20723/16854/12370/12028"
"GO:0008643","carbohydrate transport",81,-0.42078123813159,-1.68118856613309,0.00115606299346772,0.0378032598863943,0.0341707882700773,1756,"tags=37%, list=18%, signal=31%","18759/17869/11651/72508/12388/11652/216190/20411/11826/76574/16337/109880/24014/20525/26569/64008/16176/53881/52906/432628/17295/74777/18751/26416/230784/18124/20661/232430/20527/11421"
"GO:0006958","complement activation, classical pathway",14,0.726305787035048,1.93020458237867,0.00120677874579628,0.0389424325534919,0.0352004991502351,1374,"tags=43%, list=14%, signal=37%","12268/12260/50908/50909/12262/15139"
"GO:0002230","positive regulation of defense response to virus by host",29,0.606309737644689,1.86106265912148,0.0012039755006566,0.0389424325534919,0.0352004991502351,1349,"tags=48%, list=13%, signal=42%","16161/20304/246779/66824/18854/209200/94088/209590/16160/230073/19260/72512/80285/70796"
"GO:0043031","negative regulation of macrophage activation",10,0.801184597129348,1.92223059190913,0.00125101850870612,0.0401061816026374,0.0362524248962517,981,"tags=60%, list=10%, signal=54%","14824/22259/13011/217166/17470/16835"
"GO:0032885","regulation of polysaccharide biosynthetic process",23,-0.622511887390588,-1.91204376993888,0.00130835685702182,0.0416720154785196,0.0376677996020225,1692,"tags=43%, list=17%, signal=36%","19219/11651/11652/20411/244416/16337/228966/18033/12491/21803"
"GO:0002819","regulation of adaptive immune response",165,0.360896578982753,1.57008611144496,0.00133084145256393,0.0421146924182327,0.0380679402254619,1417,"tags=24%, list=14%, signal=21%","11846/16161/14129/18439/246779/66824/21355/27218/54123/58185/71890/22628/18950/16197/21939/15042/22724/14991/12010/16193/15040/15039/12479/110557/209590/15216/16160/77777/230979/22030/63953/17319/16173/56532/14972/15015/235587/60533/74131/15977"
"GO:0034219","carbohydrate transmembrane transport",78,-0.427972872669978,-1.69717651881244,0.00137917570948147,0.043364467019273,0.039197625427368,1756,"tags=36%, list=18%, signal=30%","18759/17869/11651/72508/12388/11652/216190/20411/11826/16337/109880/24014/20525/26569/64008/16176/53881/52906/17295/74777/18751/26416/230784/18124/20661/232430/20527/11421"
"GO:0001916","positive regulation of T cell mediated cytotoxicity",26,0.597812529686743,1.81999043644898,0.00145429613276466,0.0454351753580298,0.041069361791517,2147,"tags=69%, list=21%, signal=55%","18439/21355/18950/15042/14991/12010/15040/15039/12479/110557/16160/77777/14972/15015/14964/15018/110558/53331"
"GO:0070227","lymphocyte apoptotic process",69,0.45494913578018,1.72168160328207,0.00154546545531791,0.0479778991033819,0.0433677581465625,1226,"tags=29%, list=12%, signal=26%","18439/20304/12369/20612/12018/18950/16197/14605/16184/30954/20723/16153/16854/12370/12028/57741/209488/17319/101540/56532"
"GO:0030048","actin filament-based movement",64,-0.453173230466865,-1.7484519494094,0.001600615086341,0.0487640807360409,0.0440783964934179,1944,"tags=41%, list=19%, signal=33%","16480/12389/223701/17913/24136/246177/100986/22290/71960/17886/77569/338367/109620/56320/227753/72821/68339/20266/83814/18578/319565/214459/333433/170762/319710/16518"
"GO:0002758","innate immune response-activating signaling pathway",264,0.322996207065873,1.47451606375774,0.0015990161255017,0.0487640807360409,0.0440783964934179,1403,"tags=22%, list=14%, signal=19%","142980/18439/66824/64685/22259/14469/23960/54123/27007/226691/70110/246730/58185/327957/15944/16145/234311/170743/54445/69146/231655/226421/80861/12362/27419/100340/81897/212937/20128/16363/72935/71956/229898/17002/73945/69104/217166/114643/13982/71586/67845/19106/67245/230073/19260/106759/384309/54396/72512/246727/19386/107607/67705/110006/70796/52513/56174/60533"
"GO:0070661","leukocyte proliferation",257,0.32148996537203,1.46574648324829,0.00158851355653289,0.0487640807360409,0.0440783964934179,1462,"tags=23%, list=15%, signal=20%","11846/93695/16161/20293/19171/18439/14962/20304/246779/66824/27218/12494/237256/18950/15944/27060/18032/17079/20971/16197/54698/21939/16184/22724/30925/27215/16193/16153/108723/81897/16854/12122/16859/12028/12479/14256/12977/11920/20440/11629/16160/67245/19260/106759/14609/230979/17319/16173/56532/233912/12151/21672/60533/74131/15977/14466/330817/71838"
