"category","subcategory","ID","Description","GeneRatio","BgRatio","RichFactor","FoldEnrichment","zScore","pvalue","p.adjust","qvalue","geneID","Count"
"Human Diseases","Infectious disease: viral","mmu05168","Herpes simplex virus 1 infection","28/393","215/11214",0.130232558139535,3.71610154447009,7.66323456557703,1.78787288495461e-09,5.59604212990793e-07,4.55437092798964e-07,"20296/12018/12122/20293/13063/23797/21355/142980/14991/20304/18987/12010/213233/54123/110557/12028/69550/23960/15039/81897/15040/16193/246730/21356/12370/15042/13163/20847",28
"Human Diseases","Infectious disease: viral","mmu05164","Influenza A","24/393","174/11214",0.137931034482759,3.9357725717294,7.43765421820695,8.49572367309203e-09,1.3295807548389e-06,1.0820869099412e-06,"20296/66824/12018/12122/17857/20293/13063/23797/142980/170743/17858/20304/12362/22035/54123/12028/23960/12567/16193/246730/26395/12370/58185/20847",24
"Human Diseases","Infectious disease: viral","mmu05160","Hepatitis C","22/393","164/11214",0.134146341463415,3.82777881213927,6.95199912614435,5.98624832536096e-08,6.24565241945993e-06,5.08305998153457e-06,"12018/12122/17857/22259/13063/23797/142980/17858/667373/22628/22629/54123/12028/23960/12567/246730/26395/15957/12370/58185/112419/20847",22
"Cellular Processes","Cell growth and death","mmu04210","Apoptosis","19/393","136/11214",0.139705882352941,3.98641670408621,6.6774811022796,2.53592624672966e-07,1.98436228806596e-05,1.61498460975942e-05,"12018/13040/12122/12366/53857/12369/13063/23797/229445/64704/328417/22035/13030/12028/16188/13033/26395/12370/13163",19
"Human Diseases","Infectious disease: viral","mmu05169","Epstein-Barr virus infection","25/393","228/11214",0.109649122807018,3.12876657292085,6.18869608668539,4.09469288277026e-07,2.48322576689054e-05,2.02098750828152e-05,"12018/60406/12122/13063/21939/23797/21355/14991/12010/213233/54123/110557/12028/23960/17463/15039/12567/15040/16193/246730/21356/12370/100038882/15042/20847",25
"Genetic Information Processing","Folding, sorting and degradation","mmu03050","Proteasome","11/393","47/11214",0.234042553191489,6.67825239564723,7.4339365749027,4.76017718892755e-07,2.48322576689054e-05,2.02098750828152e-05,"26442/19186/19172/19167/19171/19188/19173/16913/16912/17463/621823",11
"Cellular Processes","Transport and catabolism","mmu04142","Lysosome biogenesis","26/393","254/11214",0.102362204724409,2.92083909358658,5.90100598387058,9.13772416093194e-07,4.08586808910242e-05,3.32530713826395e-05,"19156/13040/50917/16783/17775/67963/67474/229445/142980/170743/27060/12512/15212/15587/13030/232946/242341/75612/13033/81897/215332/27419/94178/12514/18145/211329",26
"Organismal Systems","Immune system","mmu04612","Antigen processing and presentation","14/393","87/11214",0.160919540229885,4.59173466701764,6.40911872180278,1.75849769697613e-06,6.8801222394191e-05,5.59942687721346e-05,"13040/19186/21355/14991/19188/13030/12010/213233/110557/15039/15040/21356/15042/621823",14
"Human Diseases","Infectious disease: viral","mmu05162","Measles","18/393","142/11214",0.126760563380282,3.61703042683582,5.98085665077367,2.23752899722464e-06,7.78162862368126e-05,6.33312300968847e-05,"12018/12122/17857/13063/23797/170743/17858/27218/54123/12028/23960/12567/81897/16193/246730/12370/16184/20847",18
"Human Diseases","Infectious disease: viral","mmu05163","Human cytomegalovirus infection","24/393","255/11214",0.0941176470588235,2.68558599012124,5.18870556791962,1.03440122436709e-05,0.0003237675832269,0.000263500101365091,"20296/12018/12122/20293/13063/23797/12774/21355/14991/20304/73181/12010/213233/110557/12028/26427/15039/12567/15040/16193/26395/21356/12370/15042",24
"Organismal Systems","Immune system","mmu04623","Cytosolic DNA-sensing pathway","12/393","82/11214",0.146341463414634,4.17575870415193,5.50036249596532,2.61504738706074e-05,0.000744099847409102,0.000605589921214067,"66824/72935/12369/69146/20304/12362/23983/54123/16193/74568/12370/58203",12
"Human Diseases","Infectious disease: viral","mmu05170","Human immunodeficiency virus 1 infection","22/393","245/11214",0.0897959183673469,2.56226826608506,4.71171076521016,4.97210053313118e-05,0.00129688955572505,0.00105548099036644,"12018/12122/13063/23797/12774/21355/14991/12632/73181/12010/213233/434219/110557/12028/69550/15039/15040/26395/21356/12370/15042/20128",22
"Organismal Systems","Immune system","mmu04621","NOD-like receptor signaling pathway","20/393","212/11214",0.0943396226415094,2.69191991934322,4.73953136212033,5.47093752722324e-05,0.00131723342001606,0.00107203796080002,"20296/18439/66824/20293/69146/24105/22166/20304/12362/13030/54123/23960/17951/16193/246730/55932/12370/15944/14469/20847",20
"Metabolism","Glycan biosynthesis and metabolism","mmu00531","Glycosaminoglycan degradation","6/393","21/11214",0.285714285714286,8.15267175572519,6.25213257365492,6.18467828329636e-05,0.0013175672912405,0.00107230968380763,"50917/15212/15587/75612/27419/15442",6
"Environmental Information Processing","Signal transduction","mmu04668","TNF signaling pathway","14/393","118/11214",0.11864406779661,3.38543149178419,4.96418794673295,6.32372529900083e-05,0.0013175672912405,0.00107230968380763,"20296/12369/20293/12977/23797/17387/20304/13614/26427/16193/26395/74568/12370/15953",14
"Human Diseases","Infectious disease: bacterial","mmu05132","Salmonella infection","22/393","250/11214",0.088,2.51102290076336,4.60447400134819,6.73516826193225e-05,0.0013175672912405,0.00107230968380763,"66824/22152/12018/53857/12369/11841/13063/23797/69146/22166/226421/12362/22035/69582/12028/100041194/81897/17951/16193/26395/74568/12370",22
"Cellular Processes","Cell growth and death","mmu04215","Apoptosis - multiple species","7/393","32/11214",0.21875,6.2418893129771,5.65882911258138,9.69437445787788e-05,0.00178490541489163,0.00145265549152102,"12018/12122/12369/13063/64704/12028/12370",7
"Human Diseases","Infectious disease: viral","mmu05167","Kaposi sarcoma-associated herpesvirus infection","20/393","223/11214",0.0896860986547085,2.55913463184199,4.48168092596133,0.000110763642851199,0.00192605667846807,0.00156753225555498,"12018/12122/13063/23797/12774/142980/14991/239849/73181/54123/110557/12028/15039/12567/15040/16193/26395/12370/15042/20847",20
"Cellular Processes","Cell growth and death","mmu04115","p53 signaling pathway","10/393","75/11214",0.133333333333333,3.80458015267176,4.64407124632871,0.000270086359901814,0.00444931740259305,0.00362110244300494,"71361/12122/18787/13063/30954/107831/12028/66940/12567/12370",10
"Metabolism","Glycan biosynthesis and metabolism","mmu00520","Amino sugar and nucleotide sugar metabolism","7/393","39/11214",0.17948717948718,5.12155020551967,4.91351877427651,0.000358575358064298,0.00561170435370627,0.00456711771850317,"331026/227620/19703/245847/15212/212032/69976",7
"Organismal Systems","Immune system","mmu04640","Hematopoietic cell lineage","11/393","93/11214",0.118279569892473,3.37503078059591,4.38290728853566,0.00039269252963105,0.00585298865592946,0.0047634883293591,"16790/12494/16192/12977/16197/14129/14256/16188/12479/16193/16184",11
"Genetic Information Processing","Information processing in viruses","mmu03250","Viral life cycle - HIV-1","9/393","66/11214",0.136363636363636,3.8910478834143,4.48902744184876,0.00045904948009426,0.0065310221486138,0.00531530976951249,"18519/19384/17857/12774/17858/16543/434219/69550/20128",9
"Human Diseases","Infectious disease: bacterial","mmu05152","Tuberculosis","16/393","180/11214",0.0888888888888889,2.53638676844784,3.95998744303911,0.000585119119407467,0.00782857948734573,0.00637133423890253,"13040/12122/16783/13063/23797/246256/27060/14129/20698/242341/12028/13033/81897/16193/12370/18126",16
"Cellular Processes","Transport and catabolism","mmu04148","Efferocytosis","15/393","163/11214",0.0920245398773006,2.62586053481946,3.98473816919303,0.000600274465483379,0.00782857948734573,0.00637133423890253,"26362/12369/22259/11846/107831/226421/380713/12362/192187/12642/17289/20698/73181/12260/26395",15
"Human Diseases","Infectious disease: viral","mmu05165","Human papillomavirus infection","25/393","358/11214",0.0698324022346369,1.99262228666468,3.63759300136704,0.000813570151571853,0.0101858982976796,0.00828985164970056,"22371/12018/17857/23797/142980/27060/14991/19650/17858/16897/104099/18132/242341/110557/12028/26427/15039/12567/15040/26395/12370/100038882/15042/231655/20847",25
"Human Diseases","Infectious disease: bacterial","mmu05134","Legionellosis","8/393","59/11214",0.135593220338983,3.86906456203907,4.21070705003572,0.000981800710646007,0.0114115626595075,0.0092873656082086,"66824/12369/11841/13063/12362/17951/16193/12370",8
"Organismal Systems","Immune system","mmu04620","Toll-like receptor signaling pathway","11/393","104/11214",0.105769230769231,3.01805637110981,3.94018325764937,0.00101929784745853,0.0114115626595075,0.0092873656082086,"21939/23797/142980/170743/20304/54123/81897/16193/26395/12370/20847",11
"Human Diseases","Cancer: overview","mmu05203","Viral carcinogenesis","18/393","227/11214",0.079295154185022,2.26263577361536,3.66247731919304,0.00105322995327168,0.0114115626595075,0.0092873656082086,"18519/12018/12774/14991/19650/22628/22629/242341/54123/110557/12028/26427/15039/12567/15040/326619/12370/15042",18
"Human Diseases","Infectious disease: viral","mmu05166","Human T-cell leukemia virus 1 infection","19/393","246/11214",0.0772357723577236,2.20387264941352,3.63837842991939,0.00105730133267003,0.0114115626595075,0.0092873656082086,"18519/19384/21939/23797/14991/12257/73181/12010/16169/110557/12028/26427/15039/12567/15040/16193/26395/15042/16184",19
"Cellular Processes","Cell growth and death","mmu04217","Necroptosis","15/393","177/11214",0.0847457627118644,2.41816535127442,3.62419427591641,0.00139940309369329,0.0144046793895618,0.0117233307962803,"66824/12122/68953/142980/24105/67028/12362/22035/12028/74568/434624/12370/14325/58203/20847",15
"Human Diseases","Infectious disease: bacterial","mmu05133","Pertussis","9/393","77/11214",0.116883116883117,3.3351839000694,3.91837347829387,0.00142666153698535,0.0144046793895618,0.0117233307962803,"66824/12369/12362/12632/12260/12268/15900/16193/18126",9
"Human Diseases","Cardiovascular disease","mmu05416","Viral myocarditis","10/393","93/11214",0.10752688172043,3.06820980054174,3.81669655950347,0.00150658660505467,0.014736300230691,0.0119932223165537,"12122/13063/21939/14991/24051/110557/15039/15040/12370/15042",10
"Environmental Information Processing","Signaling molecules and interaction","mmu04061","Viral protein interaction with cytokine and cytokine receptor","10/393","95/11214",0.105263157894737,3.00361591000402,3.73737689920351,0.00177134591480328,0.0168009476161644,0.0136735474125166,"20296/20293/20306/12977/12774/20304/22035/227288/16193/16184",10
"Organismal Systems","Digestive system","mmu04979","Cholesterol metabolism","7/393","51/11214",0.137254901960784,3.91647956892681,3.97811241847454,0.00188186367416678,0.017324215588653,0.0140994120479369,"67963/12257/320024/20652/59045/18145/16891",7
"Human Diseases","Drug resistance: antineoplastic","mmu01524","Platinum drug resistance","9/393","81/11214",0.111111111111111,3.1704834605598,3.73608177486245,0.00204092285452487,0.0182516815276081,0.0148542355126321,"12018/12122/13063/23797/17686/12028/14862/14872/12370",9
"Human Diseases","Cardiovascular disease","mmu05418","Fluid shear stress and atherosclerosis","13/393","149/11214",0.087248322147651,2.48957426097648,3.48821360922917,0.00220962807341127,0.0192114885271591,0.0156353799346646,"20296/16542/20971/20293/23797/11898/50868/22166/13614/23939/14862/14872/20969",13
"Cellular Processes","Transport and catabolism","mmu04145","Phagocytosis","21/393","306/11214",0.0686274509803922,1.9582397844634,3.2388127063141,0.0025729752597447,0.0217659799000025,0.0177143673643874,"22152/13040/53857/16790/16783/246256/21355/27060/14991/20288/12512/226421/14129/13030/242341/110557/13033/15039/15040/15042/17002",21
"Human Diseases","Infectious disease: parasitic","mmu05142","Chagas disease","10/393","103/11214",0.0970873786407767,2.7703253538872,3.43968454845928,0.00323093348009412,0.0266126889281437,0.0216588892571406,"20296/18787/20293/23797/20304/12260/81897/16193/12370/18126",10
"Environmental Information Processing","Signaling molecules and interaction","mmu04060","Cytokine-cytokine receptor interaction","20/393","294/11214",0.0680272108843537,1.94111232279171,3.11621413955582,0.00356365513543113,0.0286006168561524,0.0232767757833828,"20296/16161/20293/20306/16192/21939/12977/12774/16197/246779/60504/20304/22035/16169/16188/23886/227288/16193/209590/16184",20
"Human Diseases","Cardiovascular disease","mmu05417","Lipid and atherosclerosis","16/393","217/11214",0.0737327188940092,2.10391529180005,3.12933452449077,0.00406073265704865,0.0317752330414057,0.0258604553422572,"20296/66824/12122/12369/20293/13063/21939/23797/20304/12362/22035/18987/54123/12028/16193/12370",16
"Environmental Information Processing","Signaling molecules and interaction","mmu04514","Cell adhesion molecule (CAM) interaction","14/393","180/11214",0.0777777777777778,2.21933842239186,3.14280553611186,0.00437242861233473,0.0333797598941651,0.0271663087082158,"20970/20971/20343/20612/21939/16456/14991/104099/110557/15039/20969/15040/13003/15042",14
"Cellular Processes","Cell growth and death","mmu04218","Cellular senescence","14/393","182/11214",0.0769230769230769,2.19495008807986,3.09728964623495,0.00482131041846222,0.0359302419280637,0.0292420331144826,"12193/18787/23797/14991/19650/73181/12289/110557/15039/12567/15040/16193/26395/15042",14
"Metabolism","Metabolism of cofactors and vitamins","mmu00860","Porphyrin metabolism","6/393","47/11214",0.127659574468085,3.64268312489849,3.45978610480941,0.00567939762422927,0.0413407315438084,0.0336453910664255,"226139/233016/109778/15369/434624/14325",6
